@user,1477
link,726
watch,343
like,340
wa,315
thi,288
just,272
love,213
ar,181
go,172
get,157
time,152
good,151
it',149
now,148
ha,145
what,143
new,131
best,128
movi,128
lol,124
will,123
hi,120
night,117
think,116
dai,114
look,113
see,112
great,111
when,102
come,100
year,100
first,100
last,98
show,97
thei,96
got,94
can,92
realli,91
game,90
make,88
need,87
cup,86
want,83
us,80
know,79
u,78
film,78
world,77
sai,76
todai,74
back,74
david,72
plai,71
man,71
veri,70
onli,70
well,70
d,69
still,66
never,65
oh,63
tv,62
ever,62
star,61
work,61
kill,61
fuck,59
thank,59
even,57
big,57
peopl,57
feel,56
hard,56
live,56
take,55
american,54
tonight,53
le,53
video,53
miss,53
call,52
wai,52
gui,51
read,51
i'v,50
hope,50
that',50
final,50
much,49
polici,49
thing,49
sound,49
music,48
place,48
hot,48
amaz,48
girl,47
haha,47
wait,46
listen,45
french,45
next,44
im,43
becaus,43
famili,43
x,42
youtub,42
ed,42
end,42
win,42
adam,42
also,42
seen,42
2,41
week,41
tenni,41
drama,41
shit,41
talk,41
thought,40
ye,40
start,40
hate,40
driver,39
danc,39
life,39
rock,38
everi,38
song,38
kid,38
better,38
favorit,38
lost,38
give,38
open,38
via,38
try,38
yeah,38
ball,38
befor,37
hour,37
bring,37
excit,37
check,36
god,36
though,36
awesom,36
right,36
third,36
4,35
p,35
he',35
celebr,35
nice,35
la,35
home,35
bad,35
where,35
sell,35
jimmi,34
made,34
alwai,34
two,34
book,33
tell,33
part,33
tomorrow,33
eat,33
john,33
high,33
old,33
babi,33
dine,32
name,32
ani,32
citi,32
food,32
funni,31
educ,31
bowl,31
gonna,31
ic,31
school,31
enjoi,31
doctor,31
war,31
run,31
morn,31
pleas,31
follow,31
without,31
cabl,30
sure,30
andi,30
long,30
olymp,30
mani,30
gener,30
bit,30
stori,30
littl,30
curb,30
3,29
5,29
n,29
o,29
actual,29
duck,29
happen,29
wind,29
classic,29
rememb,29
anoth,29
sleep,29
friend,28
close,28
davi,28
happi,28
tabl,28
western,27
ok,27
hous,27
larri,27
super,27
head,27
enthusiasm,27
bull,27
gone,27
put,27
apart,27
king,27
carr,26
you'r,26
said,26
island,26
beauti,26
doe,26
cnot,26
ladi,26
saw,26
aaron,26
wish,26
2011,26
keep,26
mai,26
must,25
comedi,25
dinner,25
archer,25
won,25
cut,25
cool,25
human,25
side,25
quiet,25
someth,25
eurovis,25
true,25
r,24
brother,24
walk,24
godfath,24
special,24
interest,24
seri,24
mockingbird,24
servic,24
face,24
went,24
psycho,24
alan,24
doubl,23
white,23
pretti,23
nick,23
done,23
benedict,23
find,23
real,23
hall,23
stanlei,23
ass,23
chinatown,23
omg,23
wasabi,23
let,23
season,23
kind,23
1,22
job,22
10,22
goodfella,22
team,22
front,22
far,22
dream,22
betti,22
fun,22
award,22
sun,22
bob,22
boi,22
raider,22
gari,22
lmao,22
wonder,22
tweet,22
wimbledon,22
person,22
event,21
everyon,21
bout,21
mean,21
w/,21
kong,21
fan,21
mayb,21
wow,21
bill,21
winter,21
cumberbatch,21
connect,21
hell,21
hear,21
wizard,21
window,21
nation,21
idol,21
west,21
twitter,21
meet,20
scene,20
caus,20
coleman,20
hei,20
stai,20
oz,20
mr,20
park,20
blog,20
desert,20
queen,20
review,20
rocki,20
lamb,20
bonni,20
disc,20
let',20
citizen,20
dnot,20
mind,20
taxi,20
post,20
around,20
silenc,20
jaw,19
giant,19
remind,19
stuff,19
gerri,19
stop,19
masterchef,19
vote,19
di,19
st,19
jazz,19
fat,19
dure,19
dog,19
top,19
awai,19
bed,19
agre,19
ark,19
sorkin,19
rage,19
onc,19
sundai,19
lot,19
list,19
alistair,19
s,18
cant,18
singer,18
african,18
fa,18
basketbal,18
birthdai,18
ryder,18
pictur,18
flight,18
dude,18
photo,18
late,18
darl,18
damn,18
might,18
anyon,18
laugh,18
derbi,18
seven,18
light,18
believ,18
smith,18
clyde,18
chang,18
there',18
fail,18
fair,18
emmerdal,18
restaur,18
clegg,18
bald,18
version,18
space,17
graffiti,17
enough,17
anni,17
rebel,17
north,17
de,17
yet,17
bunch,17
eastend,17
london,17
defenc,17
kane,17
street,17
set,17
lawrenc,17
class,17
per,17
plan,17
gavin,17
sinc,17
orang,17
she',17
2001,17
buxton,17
month,17
finish,17
ask,17
rose,17
cours,17
network,17
found,17
conserv,17
perfect,17
match,17
stacei,17
b,16
drop,16
drug,16
snow,16
fridai,16
el,16
ur,16
sarah,16
guess,16
fav,16
leav,16
club,16
georg,16
clockwork,16
hair,16
footbal,16
british,16
sad,16
chef,16
wrong,16
clare,16
hahaha,16
calgari,16
gold,16
car,16
probabl,16
expect,16
bought,16
height,16
noth,16
someon,16
volleybal,16
cricket,16
duncan,16
wild,16
tast,16
poor,16
tootsi,16
v,15
which,15
drink,15
soup,15
it!,15
black,15
bore,15
civil,15
50,15
parti,15
dr,15
deal,15
mp,15
casablanca,15
alreadi,15
hibiscu,15
ride,15
grape,15
quit,15
cook,15
saturdai,15
danni,15
brilliant,15
record,15
sit,15
weekend,15
yvett,15
rear,15
jeffrei,15
bridg,15
econom,15
maltes,15
hand,15
monei,15
fantast,15
wuther,15
emmi,15
differ,15
fact,15
seem,15
either,15
arabia,15
/,14
t,14
brown,14
road,14
jon,14
stephen,14
suggest,14
laundri,14
full,14
fight,14
sport,14
episod,14
wear,14
ey,14
possibl,14
co,14
dont,14
crow,14
re,14
perform,14
labour,14
forward,14
bernardin,14
wolv,14
vendom,14
polit,14
blair,14
write,14
odyssei,14
wanna,14
coron,14
piss,14
tori,14
support,14
worth,14
favourit,14
sign,14
colomb,14
left,14
beat,14
hilari,14
noon,14
wrath,14
sale,14
heard,14
blunkett,14
lunch,14
least,14
indian,13
care,13
it.,13
soon,13
second,13
alexand,13
anim,13
voic,13
hit,13
easi,13
stamped,13
jean,13
readi,13
pulp,13
se,13
xx,13
young,13
state,13
sundanc,13
benefit,13
break,13
falcon,13
york,13
reason,13
cooper,13
sweet,13
modern,13
radio,13
gmtv,13
contest,13
tea,13
kentucki,13
summer,13
grai,13
help,13
#improudtosai,13
documentari,13
conchord,13
later,13
alinea,13
2009,13
ago,13
bitch,13
roll,13
quintess,13
free,13
platoon,13
gotta,13
coffe,13
waterfront,13
master,13
julia,13
stagecoach,13
epic,13
power,13
cheri,12
8,12
rather,12
turn,12
crime,12
northwest,12
confer,12
articl,12
they'r,12
aqua,12
river,12
deer,12
manchurian,12
idea,12
ev,12
comment,12
ii,12
brought,12
round,12
midnight,12
indemn,12
shatter,12
guest,12
gavroch,12
glad,12
grand,12
gordon,12
tho,12
zhivago,12
red,12
elect,12
what',12
amber,12
pick,12
earli,12
death,12
histori,12
hunter,12
common,12
wine,12
clark,12
whole,12
pop,12
ppl,12
children,12
draft,12
burnham,12
excel,12
fiction,12
greatest,12
yanke,12
moment,12
strangelov,12
cowboi,12
suppos,12
cassidi,12
short,12
south,12
english,12
absolut,12
weird,12
murrai,12
univers,12
etern,11
encount,11
bulli,11
goe,11
1st,11
lose,11
serious,11
xd,11
nigga,11
ya,11
sherlock,11
ring,11
price,11
#ff,11
becom,11
hazel,11
tire,11
cry,11
cold,11
ticket,11
eleven,11
dvd,11
anyth,11
daybreak,11
joke,11
took,11
countri,11
manag,11
town,11
interview,11
album,11
pai,11
box,11
bbc,11
bar,11
#new,11
plu,11
colbert,11
'the,11
busi,11
bui,11
2010,11
ami,11
product,11
crazi,11
point,11
shop,11
yesterdai,11
room,11
unforgiven,11
social,11
nomin,11
nyc,11
candid,11
compani,11
creat,11
apocalyps,11
chocol,11
vertigo,11
chicago,11
butch,11
instead,11
catch,11
woman,11
joe,10
beeni,10
visit,10
2nd,10
frankenstein,10
usual,10
24,10
past,10
forget,10
we'r,10
wd,10
pari,10
philadelphia,10
yr,10
build,10
madison,10
mari,10
onlin,10
breakfast,10
three,10
basebal,10
lawn,10
daniel,10
tri,10
market,10
told,10
develop,10
reform,10
dwarf,10
attenborough,10
vinc,10
rush,10
pic,10
behind,10
move,10
fantasia,10
half,10
folk,10
nfl,10
forrest,10
iditarod,10
heart,10
coupl,10
race,10
trailer,10
huge,10
me.,10
hurt,10
rugbi,10
kick,10
manresa,9
',9
biggest,9
e,9
galactica,9
prix,9
drive,9
dandi,9
came,9
20,9
meal,9
matter,9
pass,9
step,9
sorri,9
shadow,9
#skin,9
lord,9
presid,9
ex,9
em,9
player,9
dear,9
dead,9
idk,9
pm,9
we'v,9
iv,9
aussi,9
speak,9
pack,9
kenni,9
graduat,9
report,9
scare,9
blear,9
wed,9
style,9
stand,9
screen,9
gai,9
definit,9
word,9
till,9
dad,9
cont,9
phone,9
alexa,9
featur,9
championship,9
biko,9
order,9
origin,9
offic,9
understand,9
line,9
tour,9
sir,9
sunset,9
stupid,9
son,9
terribl,9
rest,9
patton,9
meant,9
ben,9
complet,9
movie.,9
remak,9
air,9
experi,9
local,9
imagin,9
present,9
whatev,9
fresh,9
roug,9
battlestar,9
mine,9
receiv,9
marri,9
chung,9
channel,9
shoot,9
minut,9
lou,9
send,9
learn,9
ellen,9
leagu,9
6,8
c,8
press,8
iain,8
offici,8
govern,8
degener,8
type,8
hopefulli,8
theme,8
travel,8
yai,8
train,8
blue,8
uk,8
xxx,8
competit,8
luca,8
januari,8
dress,8
question,8
mash,8
leader,8
middl,8
jame,8
woke,8
reserv,8
fine,8
public,8
hotel,8
date,8
alesha,8
too.,8
toni,8
san,8
year',8
women',8
view,8
chez,8
sexi,8
design,8
level,8
colleg,8
worst,8
sick,8
smile,8
dixon,8
proud,8
entertain,8
2012,8
mood,8
spent,8
less,8
spend,8
now.,8
noir,8
mention,8
doodl,8
total,8
releas,8
count,8
sometim,8
fall,8
bank,8
#egypt,8
mad,8
gump,8
internet,8
bercow,8
mom,8
confirm,8
gorgeou,8
mlb,8
women,8
0,7
y,7
roca,7
appear,7
card,7
rider,7
impress,7
kei,7
detail,7
cultur,7
#flashforward,7
singl,7
paul,7
bottl,7
deep,7
yea,7
ew,7
semifreddo,7
recommend,7
aw,7
ah,7
click,7
blvd,7
knew,7
winner,7
vs,7
u.,7
page,7
attack,7
appl,7
secret,7
comic,7
fabul,7
watchin,7
almost,7
action,7
wtf,7
els,7
indi,7
blow,7
fish,7
especi,7
near,7
england,7
wit,7
champion,7
taken,7
deserv,7
program,7
quot,7
host,7
bird,7
zuma,7
offset,7
holi,7
cuz,7
cameron,7
vancouv,7
paniss,7
blame,7
choos,7
cross,7
campaign,7
perhap,7
join,7
legend,7
amador,7
andrew,7
jone,7
health,7
amadeu,7
#bbctw,7
offer,7
piec,7
birth,7
sat,7
horror,7
honestli,7
score,7
sky,7
rule,7
entir,7
bnp,7
kinda,7
gave,7
cat,7
current,7
decid,7
four,7
hamm,7
shot,7
except,7
kwai,7
touch,7
attica,7
appar,7
carolin,7
richard,7
mouth,7
chanc,7
here',7
enda,7
100,7
allow,7
inspir,7
member,7
clean,7
strong,7
along,7
actress,7
extra,7
bishop,7
australia,7
met,7
men,7
trip,7
luv,7
shane,7
mix,7
taco,7
g,6
m,6
w,6
jai,6
espn,6
hello,6
posit,6
case,6
jesu,6
earlier,6
everyth,6
suck,6
stuck,6
felt,6
12,6
60,6
warm,6
you'v,6
unless,6
hip,6
euro,6
simon,6
suddenli,6
begin,6
hd,6
yep,6
bu,6
da,6
demo,6
memori,6
forgotten,6
ju,6
ill,6
spot,6
track,6
deliv,6
test,6
logo,6
mail,6
penni,6
punch,6
etc,6
written,6
chill,6
bloodi,6
#random,6
argu,6
throw,6
stage,6
dubai,6
rise,6
princ,6
geniu,6
clip,6
marathon,6
provid,6
fly,6
fit,6
fix,6
kati,6
#np,6
hold,6
drunk,6
quai,6
defend,6
potato,6
sister,6
chicken,6
awesome!,6
floor,6
dark,6
tip,6
flavour,6
pierr,6
pujol,6
fanci,6
hero,6
obama,6
sam,6
media,6
william,6
actor,6
minist,6
chat,6
smh,6
desir,6
#emmerdal,6
disgust,6
constitut,6
mutini,6
bet,6
vaizei,6
benn,6
pre,6
factual,6
longer,6
sing,6
2008,6
secur,6
fool,6
hill,6
prais,6
rare,6
liter,6
noma,6
problem,6
forest,6
email,6
heartbreak,6
consid,6
fascin,6
jedward,6
chuck,6
intern,6
again.,6
indiana,6
save,6
ashton,6
kitchen,6
cover,6
recent,6
refer,6
fave,6
base,6
all.,6
band,6
fast,6
wife,6
australian,6
sens,6
campbel,6
me!,6
charact,6
simpli,6
franc,6
mum,6
shall,6
min,6
martin,6
share,6
mmm,6
h,5
hangov,5
menu,5
melt,5
mess,5
mondai,5
valu,5
sort,5
cornish,5
replac,5
searcher,5
girlfriend,5
background,5
bodi,5
nite,5
wake,5
edit,5
childhood,5
doubt,5
soooo,5
15,5
13,5
11,5
09,5
#itun,5
thai,5
#newsnight,5
director,5
treasur,5
wast,5
bright,5
project,5
hbo,5
east,5
yup,5
control,5
sierra,5
gun,5
streetcar,5
juli,5
ff,5
ft,5
ep,5
b4,5
al,5
ad,5
ny,5
epsom,5
board,5
ll,5
ne,5
hr,5
afternoon,5
forgot,5
cling,5
fuckin,5
hmm,5
paid,5
yo,5
feb,5
shorti,5
lead,5
#babybasherjai,5
major,5
mate,5
scari,5
legal,5
beach,5
chick,5
hollywood,5
screw,5
stake,5
import,5
menzi,5
standard,5
belmont,5
danger,5
evan,5
bounti,5
angel,5
result,5
welcom,5
'em,5
#dubai,5
#fb,5
hong,5
dat,5
europ,5
improv,5
hitchcock,5
titl,5
green,5
swear,5
utd,5
everytim,5
avoid,5
up!,5
centr,5
slow,5
surpris,5
4th,5
degre,5
jack,5
dna,5
vampir,5
kenneth,5
#marr,5
attent,5
due,5
chancellor,5
dem,5
speaker,5
die,5
somebodi,5
qualiti,5
#nowplai,5
hahahaha,5
crudda,5
rai,5
freak,5
row,5
dish,5
writer,5
finger,5
tournament,5
worker,5
ping,5
slightli,5
#monaco,5
sex,5
avail,5
soo,5
denham,5
lucki,5
daughter,5
flashforward,5
direct,5
wing,5
brunch,5
crack,5
highlight,5
bid,5
prove,5
bell,5
bro,5
bra,5
opera,5
btw,5
kelli,5
aka,5
aim,5
gain,5
aint,5
abt,5
account,5
john',5
act,5
decis,5
congratul,5
includ,5
form,5
lauren,5
maria,5
fantasi,5
nba,5
session,5
nelson,5
cookbook,5
bdai,5
daili,5
admit,5
didnt,5
non,5
realis,5
odd,5
massiv,5
recal,5
court,5
cute,5
buck,5
certainli,5
pizza,5
allen,5
inform,5
rais,5
ooh,5
global,5
bogart,5
wick,5
bash,5
kiss,5
togeth,5
okai,5
shout,5
seat,5
futur,5
monkei,5
prepar,5
self,5
leg,5
lee,5
sent,5
junior,5
insid,5
lie,5
threat,5
volunt,5
scot,5
metallica,5
mandela,5
counti,5
compet,5
#rugbi,5
smell,5
shame,5
research,5
time.,4
jet,4
answer,4
regard,4
7,4
stadium,4
],4
j,4
jan,4
exampl,4
spain,4
damon,4
sugar,4
time!,4
horribl,4
although,4
cast,4
cash,4
#archer,4
draw,4
nasti,4
fund,4
paper,4
soap,4
bounc,4
thru,4
zombi,4
ken,4
script,4
societi,4
audit,4
fell,4
programm,4
russian,4
lives.,4
#eurovis,4
'i,4
facebook,4
steve,4
studi,4
brain,4
23,4
30,4
born,4
14,4
seller,4
fear,4
#cricket,4
heaven,4
access,4
brand,4
custom,4
warn,4
bitter,4
controversi,4
blackhawk,4
teen,4
you?,4
latest,4
comedian,4
candi,4
block,4
ridicul,4
gut,4
gym,4
paint,4
tower,4
breath,4
associ,4
loos,4
[pic],4
eh,4
collect,4
sack,4
lol.,4
ag,4
pc,4
mo,4
nd,4
reveal,4
notic,4
li,4
vanilla,4
ho,4
agenda,4
smart,4
isnt,4
climb,4
yall,4
hub,4
reach,4
hur,4
lock,4
yu,4
databas,4
predict,4
madr,4
luck,4
fab,4
haha!,4
glee,4
main,4
phil,4
howev,4
momentum,4
incred,4
it'll,4
jail,4
steeler,4
youth,4
fargo,4
drama.,4
shudder,4
male,4
skip,4
egg,4
skin,4
woo,4
vision,4
number,4
film.,4
smoke,4
web,4
area,4
five,4
poster,4
closer,4
neil,4
staff,4
funny.,4
woop,4
imma,4
caught,4
hack,4
size,4
abus,4
fifa,4
fri,4
vin,4
innov,4
grant,4
wors,4
fill,4
cinema,4
bite,4
prefer,4
popcorn,4
given,4
auto,4
honest,4
miranda,4
defeat,4
gazzetta,4
yohanna,4
educational.,4
ust,4
urg,4
cost,4
unit,4
million,4
goal,4
raven,4
cha,4
coke,4
ugh,4
blast,4
choke,4
lazi,4
disappoint,4
schiavon,4
away.,4
arzak,4
wednesdai,4
humor,4
dnt,4
dare,4
snatch,4
certain,4
center,4
piano,4
canadian,4
budget,4
maison,4
spirit,4
shirt,4
lack,4
tha,4
upon,4
joint,4
famou,4
perri,4
trust,4
exactli,4
opposit,4
sever,4
charli,4
stock,4
spice,4
corner,4
broken,4
robert,4
teach,4
group,4
decent,4
german,4
bastard,4
talkin,4
concern,4
mmmm,4
church,4
commun,4
applic,4
debat,4
worri,4
taught,4
soccer,4
blind,4
tcm,4
anywai,4
murder,4
world',4
africa,4
invest,4
convinc,4
twist,4
pee,4
#nfl,4
goin,4
golf,4
cab,4
korean,4
pro,4
tonit,4
kutcher,4
bug,4
gang,4
govt,4
beef,4
beer,4
bye,4
store,4
wait!,4
normal,4
victori,4
strictli,4
michael,4
abc,4
idiot,4
veteran,4
lookin,4
loung,4
continu,4
repeat,4
accord,4
hockei,4
eleg,4
harder,4
#nta,4
forc,4
now!,4
jersei,4
shoe,4
fond,4
knock,4
shitti,4
role,4
net,4
broke,4
televis,4
root,4
often,4
otherwis,4
shambol,4
honei,4
him.,4
note,4
rate,4
uefa,4
nut,4
garden,4
fairi,4
annoi,4
mile,4
mini,4
realiz,4
known,4
turkei,4
guy.,4
chines,4
exclus,4
classic!,4
langdon,4
intens,4
recov,4
invit,4
there!,4
foreign,4
there.,4
union,4
clarke',4
woodi,4
woken,4
olympics.,4
#stagecoach,4
bang,4
banter,4
law,4
anniversari,4
carri,4
clear,4
despit,4
show.,4
low,4
christin,4
captain,4
margaret,4
christma,4
lib,4
challeng,4
kevin,4
thursdai,4
buxton',4
gene,4
castl,4
amus,4
silver,4
mummi,4
section,4
mug,4
student,4
longest,4
success,4
shake,4
diari,4
lmfao,4
launch,4
downtown,4
mid,4
shark,4
shock,4
justic,4
#,3
day.,3
relief,3
ever.,3
l,3
k,3
twin,3
spanish,3
iphon,3
hmmm,3
500,3
chest,3
trippin,3
time',3
iron,3
ish,3
berasategui,3
libdem,3
investig,3
sold,3
chees,3
golden,3
ashdown,3
fun!,3
#edl,3
roddick,3
lesson,3
chateaubriand,3
knw,3
#dineout,3
27,3
28,3
should'v,3
intrigu,3
kong',3
#sport,3
jst,3
sausag,3
5',3
boxe,3
accept,3
confit,3
thrown,3
properti,3
bonn,3
boot,3
ignor,3
discuss,3
propos,3
messag,3
hav,3
hat,3
eagl,3
funniest,3
hee,3
anymor,3
29th,3
stab,3
financi,3
kane.,3
good.,3
tear,3
discov,3
politician,3
blood,3
#ge11,3
critic,3
gr8,3
bloke,3
oooh,3
gov,3
announc,3
candl,3
#alinea,3
mysteri,3
jump,3
autumnwatch,3
ghost,3
ga,3
2dai,3
du,3
gift,3
dj,3
debt,3
et,3
situat,3
holidai,3
depress,3
baton,3
trophi,3
np,3
doom,3
deni,3
small,3
delet,3
mi,3
imo,3
jo,3
loss,3
outfit,3
down.,3
ssam,3
strang,3
vh,3
dello,3
un,3
huh,3
te,3
ti,3
th,3
si,3
sa,3
poorli,3
pant,3
pr,3
whether,3
pair,3
issu,3
loeb,3
nathan',3
ebai,3
memor,3
enjoy,3
indoor,3
#jazz,3
nomine,3
iceland,3
sebastian,3
fourth,3
festiv,3
beast,3
evening.,3
brilliant!,3
brilliant.,3
est,3
pregnant,3
out!,3
marlon,3
matt,3
requir,3
mayo,3
foodi,3
nothin,3
info,3
upset,3
japanes,3
inde,3
adventur,3
pirat,3
clone,3
wen,3
russel,3
fire,3
clever,3
opinion,3
audienc,3
former,3
roast,3
novel,3
creation,3
protect,3
similar,3
statement,3
pleasur,3
clinton,3
lovin',3
wood,3
momofuku,3
face.,3
paddi,3
yoga,3
victim,3
ryan,3
dull,3
vid,3
fiji,3
evil,3
imdb,3
cloth,3
clearli,3
letter,3
imag,3
monaco,3
cherri,3
you.,3
hors,3
float,3
tini,3
greec,3
kate,3
that.,3
creator,3
author,3
calendar,3
that!,3
#nw,3
#forex,3
assist,3
front!,3
depict,3
front.,3
polic,3
yellow,3
copi,3
defens,3
packer,3
blade,3
usa,3
repres,3
coalit,3
con,3
com,3
cop,3
download,3
besid,3
cri,3
rickman,3
cabinet,3
scrap,3
uni,3
#fridayread,3
night!,3
convers,3
microsoft,3
600,3
ear,3
berri,3
ohhhhh,3
shite,3
narrat,3
studio,3
hnot,3
superb,3
fiji',3
straight,3
ahead,3
choic,3
delici,3
limit,3
'hit,3
dvr,3
kenton,3
ador,3
advertis,3
regularli,3
flat,3
father,3
peep,3
trend,3
morning!,3
spring,3
tv.,3
relationship,3
slap,3
attend,3
natur,3
nurs,3
duh,3
dub,3
land,3
muslim,3
alert,3
awkward,3
gagnair,3
ten,3
shit.,3
chariti,3
eyebrow,3
updat,3
treat,3
schedul,3
crowd,3
swan,3
soundtrack,3
greg,3
ref,3
influenc,3
britain,3
speech,3
mandi,3
rat,3
ran,3
hehe,3
cycl,3
brando,3
joan,3
life.,3
foster,3
keith,3
truli,3
grin,3
jodi,3
rip,3
years.,3
years',3
system,3
truth,3
teacher,3
attempt,3
merci,3
fighter,3
year.,3
remark,3
chop,3
sixteen,3
chri,3
corri,3
titan,3
#fm2011,3
sin,3
michel,3
'amadeus',3
genius.,3
heights.,3
agent,3
lindsai,3
skate,3
sec,3
council,3
zealand,3
amis!,3
ski,3
mother,3
serv,3
vile,3
awak,3
wrote,3
mostli,3
hall.,3
grow,3
recoveri,3
tag,3
dian,3
david',3
targets',3
weather,3
would'v,3
america,3
ferrer,3
ruin,3
dick,3
rubbish,3
sian,3
oscar,3
blu,3
lady.,3
xxxx,3
neither,3
boo,3
energi,3
nasa,3
career,3
butt,3
kept,3
be.,3
pea,3
potenti,3
louie,3
ahah,3
creativ,3
quick,3
vacuum,3
domin,3
gelato,3
metal,3
burk,3
beyond,3
eternity.,3
bun,3
well.,3
curri,3
accus,3
stretch,3
user,3
storm,3
hilarious.,3
cause!,3
bear,3
stone,3
abbott,3
lena,3
speed,3
handl,3
workout,3
ikea,3
earth,3
amazing!,3
crawford,3
amazing.,3
acc,3
washington,3
plot,3
#saveourforest,3
overr,3
fiona,3
shud,3
journal,3
arm,3
practis,3
delight,3
conchords.,3
mock,3
atm,3
nearli,3
nhl,3
marcu,3
particularli,3
march,3
steven,3
nah,3
#music,3
capit,3
slogan,3
liber,3
beverli,3
'we'll,3
arriv,3
rescu,3
none,3
nope,3
resid,3
hide,3
charm,3
charl,3
charg,3
germani,3
champ,3
nta,3
pretend,3
milk,3
random,3
februari,3
basement,3
one.,3
sang,3
paula,3
emot,3
johnson,3
sushi,3
again!,3
heath,3
dollar,3
sauc,3
stick,3
torrefact,3
fallin,3
belli,3
integr,3
uniqu,3
fallen,3
shiver,3
tube,3
fantasia',3
19th,3
ground,3
byelect,3
highli,3
secretari,3
promis,3
fame,3
tune,3
particip,3
berkelei,3
depart,3
aliv,3
congrat,3
farm,3
carr',3
perfect!,3
lai,3
tale,3
fart,3
april,3
better.,3
thousand,3
gypsi,3
alon,3
street',3
nicer,3
ugli,3
moulin,3
refus,3
nice.,3
insan,3
made.,3
#drug,3
posh,3
dougla,3
semi,3
#justsai,3
prison,3
led,3
nicki,3
lil,3
sorkin',3
geek,3
beckett,3
geez,3
theatr,3
guru,3
blair',3
toast,3
nobodi,3
advanc,3
wright,3
taubenfeld,3
today!,3
today',3
credit,3
peter,3
compar,3
suspect,3
oliv,3
1974,3
increas,3
soprano,3
asleep,3
desper,3
bucki,3
harri,3
noodl,3
garfield,3
willi,3
dialogu,3
archer',3
#entertain,3
profession,2
jeg,2
jew,2
day!,2
retarded.,2
day',2
cafe,2
9,2
www.bit.ly/dcdebn,2
#blackdiamond,2
[,2
f,2
50p,2
y'all,2
z,2
cleavag,2
basic,2
unrest,2
mafia,2
resist,2
spam,2
hipster,2
hella,2
steinbeck,2
confus,2
royal,2
addict,2
resign,2
twate,2
network',2
spade,2
men',2
melb,2
#casablanca,2
prai,2
eight,2
jim,2
dammm,2
damn.,2
derbyshir,2
instrument,2
candidate.,2
clinic,2
itv,2
'american,2
cheat,2
sour,2
soul,2
rodeo,2
disabl,2
soro,2
recipes!,2
#randomtweet,2
supernatur,2
cartoon,2
wither,2
examin,2
ion,2
spare,2
though.,2
9/10,2
netflix,2
isi,2
commentari,2
is.,2
sooo,2
irb,2
cane,2
camp,2
son',2
vertigo.,2
stream,2
prop,2
injuri,2
cheer,2
'wuther,2
outsid,2
calm,2
raymond,2
fun.,2
unlik,2
centuri,2
brewer,2
kwai/and,2
kim,2
fest,2
#1,2
discoveri,2
lawsuit,2
nashvil,2
wage,2
franci,2
franco,2
overal,2
sun!,2
kelowna,2
ultim,2
interesting.,2
themselv,2
sheridan,2
fein,2
where',2
jacket,2
barri,2
hotter,2
stern,2
's,2
it'd,2
campu,2
bollock,2
mmmmm,2
kno,2
srsly,2
syndrom,2
griffin,2
ultra,2
esteem,2
iraq,2
runner,2
wayn,2
brais,2
dancer,2
twilight,2
feder,2
looov,2
25,2
29,2
baby?,2
afraid,2
shower,2
way.,2
16,2
2.,2
bose,2
erect,2
04,2
fault,2
revis,2
salad,2
kong.,2
stunt,2
ratchet,2
80,2
properli,2
surnam,2
seminol,2
74,2
roulett,2
masterpiec,2
stoked!,2
revok,2
accent,2
organis,2
feet,2
climat,2
beaten,2
arguabl,2
camel,2
apprentic,2
wrangler,2
boil,2
ware,2
tinker,2
boston,2
length,2
crisi,2
confid,2
crisp,2
90,2
ing/we'r,2
stuf,2
bolt,2
mcdonald,2
anot,2
figur,2
eddi,2
bone,2
meat,2
boom,2
boon,2
wrongli,2
spoke,2
#backinthedai,2
billi,2
goodby,2
stir,2
hungri,2
sputnik,2
hai,2
bikini,2
offens,2
pittsburgh,2
zac,2
pilot,2
spoil,2
onion,2
oldham,2
somehow,2
heh,2
bridge/a,2
among,2
assault,2
mobil,2
googl,2
hospit,2
tech,2
grill,2
christian,2
ambush,2
rogen,2
roger,2
zip,2
taoiseach,2
earn,2
norri,2
credits/that',2
theft,2
unconvent,2
10year,2
gna,2
#environ,2
percent,2
gon,2
economi,2
alone.,2
introduc,2
estou,2
tonight',2
receptionist,2
regret,2
then.,2
kirsti,2
apparently!,2
lemon,2
and/or,2
then?,2
enthusiasm!,2
inbetween,2
game!,2
swing,2
smack,2
pairing.,2
exist,2
fx,2
gd,2
jeff,2
#agoodgirlfriend,2
fm,2
fp,2
200,2
pasta,2
magic,2
dt,2
doin,2
dy,2
servant,2
licens,2
etxebarri,2
safe,2
en,2
er,2
drunk.,2
bo,2
bk,2
bc,2
bd,2
cu,2
ct,2
e6,2
ck,2
cc,2
mushroom,2
medalist,2
crap,2
accompani,2
sponsor,2
av,2
au,2
urban,2
ai,2
judg,2
color,2
ac,2
gangster,2
af,2
growth,2
nu,2
door,2
nz,2
tuition,2
ol,2
oi,2
op,2
colin,2
pa,2
pb,2
pl,2
squeez,2
crew,2
mc,2
ma,2
mt,2
destin,2
cousin,2
suspici,2
inc,2
trail,2
lotr,2
loud,2
low.,2
hv,2
delai,2
id,2
diamond,2
crib,2
cold!,2
knee,2
load,2
hop,2
#thearcher,2
loooooooov,2
rivalri,2
retir,2
orphan,2
tt,2
weapon,2
pull,2
frost,2
bathroom,2
u?,2
submit,2
u2,2
effort,2
sc,2
rs,2
reduct,2
rp,2
humili,2
rm,2
trade,2
implement,2
s1,2
fucker,2
theater',2
frickin,2
insist,2
guardian,2
airport,2
clive,2
lol!,2
turpin,2
viewpoint,2
pain,2
spin,2
gino,2
mayor,2
attach,2
walker,2
proper,2
geordi,2
contain,2
#singer,2
gauthier,2
walkin,2
term,2
#canuck,2
leed,2
bitch!,2
provenc,2
excited!,2
luxuri,2
sequel,2
fee,2
fed,2
bulli',2
bullet,2
trilogi,2
hahaa,2
fam,2
fal,2
displai,2
asid,2
takeov,2
sebastien,2
triniti,2
devon,2
banker,2
baltimor,2
netaji,2
boyfriend,2
clue,2
zack,2
lifetim,2
thingi,2
peerag,2
intellect,2
barbara,2
nimrod,2
#tdu,2
produc,2
almond,2
sharif,2
preview,2
cmon,2
everydai,2
strike,2
stereotyp,2
celeb,2
sooooo,2
oust,2
miseri,2
family.,2
ching,2
food',2
lmao!,2
eri,2
lmaoo,2
hillari,2
effect,2
industri,2
drama!,2
g.e,2
eli,2
troubl,2
dvd',2
prize,2
highschool,2
keegan,2
vallei,2
eng,2
watcher,2
dramat,2
man',2
man!,2
leopard,2
masa,2
colbert',2
loveless,2
mark,2
marr,2
#lylunion,2
bleak,2
git,2
attract,2
fist,2
salmon,2
carrot,2
fact.,2
wee,2
beeny',2
argh,2
ashcroft,2
menu.,2
postag,2
carrol,2
everything.,2
meester,2
stamp,2
amnesia,2
stomach,2
6th,2
bread,2
surreal,2
central,2
prime,2
riot,2
ark.,2
wikipedia,2
previou,2
weird.,2
enlighten,2
abil,2
heigh,2
opportun,2
armi,2
cotton,2
wan,2
armstrong,2
driven,2
illeg,2
print,2
rifl,2
advic,2
villag,2
wont,2
ironi,2
squar,2
muddl,2
bruin,2
nonsens,2
defin,2
ainsworth,2
dumb,2
dream.,2
fsa,2
frm,2
flash,2
fox,2
ahahaha,2
vip,2
file,2
freakin,2
journalist,2
vie,2
underr,2
angri,2
utterli,2
balanc,2
parliamentari,2
intellig,2
korea,2
worn,2
jurass,2
imam,2
innoc,2
miedo,2
wow!,2
rice,2
tweeter,2
clad,2
you!,2
muppet,2
fanboi,2
horn,2
manning',2
pocket,2
how',2
hook,2
dan,2
codi,2
van,2
flock,2
coat,2
complaint,2
respons,2
remington,2
dozen,2
yummi,2
homi,2
yacht,2
reassur,2
prlog,2
request,2
scotland,2
#uk,2
xxxxx,2
#tv,2
#meangirl,2
dentist,2
obsess,2
#arzak,2
beset,2
ipod,2
leigh,2
e.t,2
theresa,2
arizona,2
comm,2
cnt,2
robin,2
corp,2
cuddl,2
thur,2
assign,2
lemonad,2
up.,2
ung,2
native',2
ceo,2
night.,2
whilst,2
ferran,2
russia,2
cola,2
unconsci,2
formal,2
photoshoot,2
protest,2
thanks.,2
briefli,2
screen.,2
eas,2
peac,2
chelsea,2
seriou,2
4hr,2
ncaa,2
orson,2
stress,2
eh!,2
dread,2
mcqueen,2
ipad,2
swim,2
maker,2
hardcor,2
mistak,2
pleasant,2
alright,2
adama,2
across,2
extern,2
idol.,2
larg,2
right?,2
joanna,2
flaw,2
impati,2
indemnity.,2
tut,2
tue,2
#dream,2
#nuclear,2
nuit,2
hoorai,2
dave,2
option,2
rock!,2
content,2
exam,2
do.,2
perf,2
unsur,2
500/coca,2
doc,2
dtn,2
to.,2
happili,2
toe,2
destroi,2
lanc,2
lame,2
terrif,2
serial,2
til,2
dang,2
tit,2
templ,2
thx,2
thu,2
exit,2
booti,2
1000,2
bike,2
def,2
dei,2
del,2
den,2
struggl,2
princess,2
pregam,2
tek,2
impact,2
await,2
lolita,2
din,2
dip,2
psychic,2
hotti,2
daft,2
ribbon,2
farmer',2
newport,2
statist,2
grei,2
transform,2
guard,2
pitt,2
librari,2
piti,2
celler,2
rel,2
debut,2
tool,2
afas,2
motion,2
baierschmidt,2
rap,2
disturb,2
raf,2
headlin,2
rom,2
rob,2
free.,2
express,2
#bbcqt,2
easili,2
held,2
rmt,2
divin,2
divis,2
delicious.,2
freez,2
decad,2
grit,2
grip,2
her.,2
havent,2
donkei,2
pier,2
tattoo,2
underneath,2
patronis,2
#bwfc,2
initi,2
ohhhh,2
'anim,2
cheeki,2
derek,2
#tcot,2
rawsthorn,2
femal,2
chip,2
classi,2
feather,2
morgan,2
slept,2
penguin,2
pink,2
jose,2
pimp,2
grown,2
terrestri,2
sparkl,2
heat,2
anchor,2
hilton,2
parker,2
august,2
ambul,2
formula,2
harass,2
denzel,2
explain,2
six,2
heights',2
sip,2
brilliantli,2
last.,2
boxset,2
geoffrei,2
sea,2
sen,2
spa,2
sox,2
remov,2
aston,2
terrifi,2
20th,2
slp,2
seth,2
concept,2
activ,2
passeng,2
coach,2
dumbass,2
saturday',2
monster,2
fellow,2
adria,2
bliss,2
assum,2
'tast,2
robinson,2
reli,2
alexandr,2
canada,2
brick,2
sum,2
around.,2
renov,2
bride,2
claim,2
ledger,2
epic.,2
up/befor,2
david.,2
dial,2
canada',2
winn,2
tar,2
tan,2
#radio4,2
seen.,2
wise,2
renew,2
shootout,2
icecream,2
philli,2
costum,2
ceremoni,2
entri,2
colour,2
anyways.,2
judgement,2
nake,2
subwai,2
urgh,2
softwar,2
music',2
salari,2
#worldcup,2
planet,2
stewart,2
welsh,2
utter,2
forev,2
napa,2
pat,2
pad,2
depend,2
pal,2
harbor,2
sherri,2
lotteri,2
bam,2
bai,2
pga,2
bag,2
bat,2
change.,2
gossip,2
bck,2
handsom,2
focu,2
enthusiast,2
oswalt,2
bfi,2
bff,2
bett,2
conrad,2
great',2
enter,2
great!,2
goooood,2
bia,2
phx,2
pie,2
pig,2
stuart,2
pin,2
falco,2
woooo,2
sneaki,2
remot,2
complex,2
awwwww,2
bust,2
tactic,2
#green,2
absent,2
boardwalk,2
dislik,2
psp,2
crash,2
pud,2
burn,2
marilyn,2
pra,2
expos,2
interrupt,2
dedic,2
friends!,2
somewhat,2
quilt,2
bein,2
tongu,2
surviv,2
vodka,2
rachel,2
hobbl,2
romant,2
twice,2
eaten,2
friendli,2
bud,2
survei,2
sinn,2
gove,2
bieber,2
seafood,2
vicari,2
masterchef.,2
boredom,2
tmrw,2
upper,2
resort,2
off.,2
9pm,2
shaw,2
2006,2
2007,2
gaga,2
dinosaur,2
beck,2
sucks.,2
sheep,2
favour,2
stood,2
cause.,2
decosta,2
maroon,2
lovely.,2
ank,2
newman,2
bacchu,2
ama,2
skeptic,2
#humanplanet,2
diego,2
walter,2
asparagu,2
correct,2
untru,2
threaten,2
moss,2
#odi,2
unbeliev,2
lover,2
spell,2
cute.,2
mose,2
afc,2
moon,2
firework,2
leuchar,2
add,2
devil,2
w/out,2
monro,2
s/o,2
reliv,2
bench,2
mandira,2
suburban,2
bizarr,2
grace,2
pamper,2
aww,2
grade,2
hardli,2
slide,2
flashback,2
s4c,2
afford,2
cancel,2
rematch,2
dessert,2
killer,2
reunion,2
forum,2
signal,2
shut,2
conspiraci,2
grader,2
balls',2
relat,2
presenc,2
art,2
ash,2
ship,2
ford,2
pyramid,2
ballot,2
8th,2
ahhhh,2
pls.,2
moan,2
cameron',2
maiden,2
yahind.com,2
morimoto,2
mental,2
yes.,2
baffl,2
apolog,2
neo,2
commerci,2
tragic,2
looool,2
omar,2
colleagu,2
honorari,2
tough,2
prawn,2
equal,2
not!,2
rank,2
daisi,2
gloriou,2
courag,2
scienc,2
privat,2
faith,2
#uknew,2
guitar,2
seriously!,2
medicin,2
hire,2
appli,2
frustrat,2
superhero,2
undervalu,2
row.,2
omfg,2
rout,2
spread,2
treatment,2
nye,2
\m/,2
websit,2
admin,2
burger,2
dutch,2
hihi,2
rest.,2
huston,2
bingo,2
quarter,2
valid,2
pronto,2
dirti,2
redux,2
myth,2
reduc,2
magnet,2
entireti,2
slowli,2
nov,2
vindic,2
britain',2
#gmtv,2
libertarian,2
roll.,2
thrash,2
lobster,2
wanker,2
miso,2
mountain,2
ogr,2
higher,2
fred,2
one',2
comeback,2
parent,2
ohh,2
endors,2
flyer,2
hispan,2
tasti,2
mike,2
120,2
sake,2
exclud,2
lemsip,2
flick,2
stile,2
#goodfella,2
here.,2
#headbob,2
pension,2
pressur,2
hopkin,2
classic.,2
#mkt,2
altern,2
gunna,2
ucla,2
#luxuri,2
frog,2
sublim,2
prevail,2
heavi,2
outreach,2
intend,2
juici,2
bell',2
oz.,2
excus,2
honor,2
involv,2
2nite,2
prada,2
bucket,2
arrrg,2
minor,2
cunt,2
christ,2
magazin,2
cup',2
knight,2
hmmmm,2
server,2
sober,2
languag,2
list.,2
darling',2
sayin,2
rerun,2
miner,2
106,2
india,2
recess,2
snake,2
on.,2
a.k.a,2
clueless,2
stitch,2
fran,2
byelections.,2
before.,2
nonetheless,2
mugaritz,2
bark,2
tahm,2
society',2
comfort,2
bane,2
ironman,2
gentleman,2
cream,2
lab,2
lad,2
michelin,2
tweep,2
shameless,2
tard,2
tara,2
shore,2
virtual,2
tape,2
alot,2
consist,2
condemn,2
noon.,2
liver,2
sean,2
randomli,2
awhil,2
log,2
sourc,2
children',2
courtesi,2
whoa,2
hull,2
camera,2
bowl.,2
driver',2
woman',2
arrang,2
secretariat,2
deficit,2
pour,2
focus,2
outcast,2
trek,2
'ethical',2
port,2
pounds!,2
lunat,2
history.,2
skull,2
porn,2
pork,2
comput,2
yuma,2
pricei,2
stormi,2
homag,2
risotto,2
grenouiller,2
honesti,2
pledg,2
mac,2
beith,2
ends!,2
falcon',2
me',2
archi,2
atlant,2
me?,2
machin,2
med,2
bruh,2
assessment.,2
hardi,2
thinker,2
whip,2
blair.,2
fashion,2
bilbao,2
realist,2
lion,2
physic,2
threesom,2
ideal,2
draft.,2
story.,2
brown',2
get.,2
spill,2
jacobi,2
effin,2
guid,2
moo,2
mon,2
ceil,2
19.00,2
jessica,2
irish,2
mud,2
#stock,2
frame,2
cent,2
enemi,2
command,2
reput,2
cater,2
micheal,2
lyric,2
o.o,2
neighbour,2
1948,2
3:10,2
1940,2
guess.,2
yours?,2
justin,2
morri,2
harper,2
histor,1
time?,1
daycar,1
dracula,1
cleaver,1
financ,1
jem,1
rosemary',1
arthur,1
mascarpon,1
implod,1
timei,1
dawg,1
steadi,1
'daybreak',1
european,1
3pt,1
#googl,1
wahlao.,1
lalloz,1
spea,1
gauntlet,1
ever!,1
27th,1
#206,1
commemor,1
literaci,1
shyama,1
timer,1
econ,1
jacqu,1
519,1
timez,1
policy.,1
rectifi,1
stock!,1
fruiti,1
policy!,1
volunteer/flaghold,1
slater,1
q,1
final?,1
'it',1
redicul,1
#happycamp,1
twat.,1
jessalynsarahgilsig,1
final.,1
kalbrenn,1
kerri,1
basil,1
jam,1
overtim,1
modul,1
everwher,1
visuals:,1
pumpkin,1
butcheri,1
mislead,1
lolol.,1
seminar,1
tories',1
spend!,1
entiti,1
reliabl,1
hell.,1
indila,1
spaf,1
column,1
gets.,1
#preliv,1
guys!,1
#hilari,1
twix,1
grayson,1
pinot,1
partak,1
declar,1
purp!,1
twit,1
fuel,1
#asg2011,1
555,1
pomegran,1
551,1
concerto,1
lollipop,1
3rd,1
overdos,1
sterkte!,1
suspens,1
brava,1
dominiqu,1
brows,1
exhaust,1
link:d,1
delish!,1
restrepo,1
#wine,1
goodnyt,1
phil',1
halibut,1
langoustin,1
hmm.,1
jmd,1
borden,1
hampton,1
nostra,1
sophi,1
esp.,1
kiss.fm,1
sleep.,1
ment,1
exciting!,1
ultraviol,1
mozart',1
andy!,1
scent,1
angel.,1
'kane,1
films.,1
#fml,1
jobro,1
horrors.,1
#oneoftheseismywif,1
muse,1
blears!,1
meme,1
boyl,1
boyn,1
joi,1
chiaaaaaaaa,1
jack!,1
poderia,1
jacksonvil,1
cab.,1
bklyn,1
men.,1
sleepi,1
lifeee,1
#eqnz,1
palett,1
boyi,1
two!,1
alien,1
smuggl,1
laughter,1
huber,1
bootcamp,1
squadron,1
prac,1
wife,,1
spencer,1
flung,1
grubbi,1
3km,1
chambersburg,1
acctual,1
dry.,1
opul,1
#24h,1
weston,1
mull,1
uhmm,1
#constantcontact,1
grapes!,1
wrap,1
rofl,1
inferno,1
1850,1
jacob,1
violenc,1
#fix,1
merv,1
dback,1
#andi,1
#fit,1
economist,1
apallingli,1
#youguv,1
#leman,1
#marathon,1
violent,1
#brazil,1
criticis,1
about.,1
benefici,1
watson,1
#sadspecimen,1
pickamu,1
jkt,1
chess,1
clarenc,1
van',1
ragedi,1
drum,1
valv,1
5.8,1
bowman,1
purdi,1
kooker,1
angela,1
iser,1
bronz,1
fought,1
jlo,1
needlessli,1
nottingham,1
forbidden,1
appeas,1
#nychilifest,1
nest',1
sotu,1
strathclyd,1
elliott,1
itz,1
candidate',1
halloween,1
esea,1
arena,1
india',1
hmsa,1
potter,1
throat,1
charter,1
disney',1
chear,1
factual/mus,1
iso,1
republican,1
advantag,1
prev,1
lving,1
prep,1
'sex',1
prem,1
attachmt.,1
cheap,1
ith,1
iti,1
beer.,1
friend',1
minimum,1
geograph,1
racehors,1
#conserv,1
contrari,1
reuter,1
#seinfeldjok,1
sisters.,1
jordi,1
bean:p,1
printer,1
worse!,1
michigan,1
jones/raid,1
oppos,1
refreshingli,1
platoon/wal,1
facial,1
snowi,1
lake.,1
violent.,1
lipstickii,1
thump,1
fantastic.,1
bowler,1
samei,1
#polit,1
seconds!,1
4fm,1
thunk,1
cat',1
cari,1
marshal,1
jamess,1
partern,1
mute,1
railwai,1
rideau,1
imperson,1
9/24,1
though!,1
rumor,1
cupcak,1
#wishlist,1
freaki,1
stimulus',1
hisself,1
same.,1
soni,1
cricket!,1
sone,1
laker,1
6'7,1
televi,1
isa,1
drill,1
armorin,1
it?,1
cath,1
practice?,1
2morrow,1
carlton!,1
gloomi,1
deregul,1
#fun,1
is?,1
heathcliff,1
eleventi,1
news.on,1
jess,1
zero,1
oligarch,1
whaaaat,1
camo,1
papyru,1
solo,1
yet.i'm,1
yeovil,1
#johnwayn,1
stalin,1
liota,1
hallwai,1
whyyyyi,1
solv,1
belajar,1
baddest,1
#yummi,1
fukk,1
vertigo!,1
christi,1
lmaoooo,1
everywher,1
cape,1
ridic,1
mandat,1
labitto,1
prof,1
revers,1
prog,1
#gai,1
vocally.,1
prob,1
hacking',1
migrat,1
verbal,1
amadeus.,1
agree!,1
snoop,1
#overr,1
malcolm,1
zeta,1
ba3ad,1
dreamtrip,1
contrast,1
beebi,1
mitchell',1
sherman,1
#flute,1
medina,1
javin,1
'found,1
toys',1
cain,1
kwai.,1
surg,1
cake,1
soho,1
#taylorgang,1
milwauke,1
brittl,1
memorabilia.,1
headless,1
blair,georg,1
cheek,1
streak,1
#1957297,1
pursu,1
clerkenwel,1
vanessa,1
execut,1
slow.,1
horrible.,1
chef',1
wierd,1
glass,1
temporari,1
carlisl,1
rollercoast,1
pastri,1
soft,1
character.,1
#bbchas12actor,1
target,1
twat,1
riddl,1
ibsen,1
wheelburrow,1
errr,1
nive,1
lesser,1
began,1
kip,1
kir,1
1/07/11,1
ellis',1
kit,1
#itfc,1
#2,1
saling,1
3star,1
tilei,1
wigan,1
40',1
waht,1
jeopardi,1
cozi,1
oreo,1
#8,1
#7,1
nothin',1
soar,1
#5,1
diversifi,1
pillow,1
spaniard,1
visser,1
unwitti,1
stein,1
'doubl,1
skirt,1
boba,1
#eck,1
touchin,1
40k,1
hottest,1
boat,1
followback,1
smith',1
amazing,1
giant!,1
'blood,1
bazaar,1
topper,1
hustl,1
8:30,1
must'v,1
4,5,6,1
salsa,1
musique!,1
frank.,1
int'l,1
mishap,1
norah,1
rocker,1
niro,1
jwow,1
herbert.clarke',1
#wikileak,1
#ebz,1
frank',1
#uvic,1
kalimat,1
singer.,1
beast.,1
afghanistan,1
liverpool,1
walt,1
'',1
kfc,1
#fail,1
hopkins!,1
':,1
wale,1
sprout,1
audi',1
angl,1
wall,1
#winewednesdai,1
lumpur,1
hitting.,1
monarch,1
bogi,1
26th,1
steps.,1
stene,1
feve,1
laaaaa,1
suka,1
454,1
boi.,1
culinari,1
#toofunni,1
#grai,1
artist,1
salut,1
jyst,1
erod,1
thatcher,1
audio,1
marangu,1
sidact,1
grateful.,1
throne,1
thse,1
niss,1
erot,1
few.,1
moslei,1
razzmound.,1
nine,1
frosti,1
rockin,1
funer,1
wherev,1
cbbc,1
urbano,1
liotta,1
erin,1
deliveri,1
that:watch,1
theo,1
skill,1
comedienn,1
strain/strain,1
eric,1
supper',1
bouch,1
thee,1
likely.,1
lives,,1
'a,1
franki,1
'd,1
#ema,1
jockei,1
contrmporari,1
hawaiian,1
daytim,1
kok,1
#hitchcock,1
report.com,1
unneccessari,1
failur,1
guestlist!,1
#lahor,1
millionaire',1
plenti,1
#idontcar,1
#calorieoverload,1
swear.,1
snub,1
#webdesign,1
victoriaaaaaaaaaaa,1
#parentingfail,1
meringu,1
louisvil,1
arctic,1
#jaihind,1
first.,1
wrath',1
escort,1
1750,1
dalla,1
rental,1
bough,1
pills!,1
thin,1
shaffer,1
fiction,lock,1
/:,1
uitsig,1
fenc,1
fend,1
kane/shawshank,1
affect,1
#uvss,1
bohemian,1
baron,1
stevi,1
bestsel,1
'danc,1
'thoma,1
cabinmet,1
dior',1
anybodi,1
loon.,1
missouri,1
loosen,1
steinbeck',1
cpac,1
baby.,1
bazooka,1
guida,1
bright!,1
#f1,1
quail,1
baby',1
36,1
33,1
#dc,1
sirrr,1
vanish,1
37,1
2m,1
4.,1
42,1
chilifest,1
4',1
#dr,1
#desertislanddisc,1
backfoot,1
chilean,1
arlington,1
mantra,1
#johnlegend,1
anti,1
#juba,1
#chariti,1
22,1
yesterday?,1
feck,1
yesterday',1
beautiful.,1
32,1
widauer,1
reality?,1
serbia,1
#awesomedoublefeatur,1
'ragtime',1
#posit,1
achatz',1
19,1
17,1
sleeep,1
18,1
insurgent.,1
way!,1
21,1
jezuz,1
smarter,1
aflutt,1
sunglass,1
2',1
point,,1
business.,1
boss,1
anthro,1
brrrrrrrr!,1
#madmen,1
03,1
#notvdai,1
tickets!,1
bollywood,1
tatti,1
feat,1
freeman,1
diesel',1
#libdem,1
77,1
gettin,1
dearli,1
unreal,1
deadlin,1
creepier,1
82,1
ricki,1
airborn,1
afraidbbc,1
girl.,1
66,1
elisabeth,1
squared.,1
#dinnerdream,1
master',1
tastes?,1
#esc,1
sale!,1
racer,1
70,1
beckett',1
#suspiciousincid,1
3am,1
76,1
model,1
speechless,1
#twinglish,1
stylish,1
goooo,1
feed,1
4m,1
muggles.w,1
honour,1
goood,1
48,1
boy.,1
ethnic,1
#highendshit,1
js.,1
47,1
birmingham,1
46,1
shower.,1
lockdown,1
manhattan,1
#pride,1
4?,1
chiltern,1
3g,1
brussel,1
whoever,1
richi,1
54,1
tight,1
5.,1
#funni,1
happened.,1
pretzel,1
kground,1
vista',1
philadelphia?,1
bull.,1
cuckoo,1
#liar,1
eastwood,1
confin,1
dcfs!,1
blockbust,1
bras.,1
#actress,1
:i,1
fenwai,1
crispi,1
everyone.,1
kat,1
weekend.,1
compens,1
attendance',1
kai,1
succubu,1
azkal,1
tgtr,1
weekend?,1
courage.,1
sidnei,1
tiger,1
fxckin,1
grandkid,1
4:1,1
steak,1
'divorc,1
95,1
8.5/10,1
91,1
artilleri,1
best!deserv,1
should.if,1
stun,1
verkerk,1
zetter,1
stud,1
pakistan',1
#documentari,1
nationalis,1
citrus,kati,1
ideolog,1
cripe,1
dealership,1
100.hear,1
potti,1
stupid!,1
frosty.,1
chenel,1
depressingli,1
psych,1
#whateverwork,1
#verysad,1
popular,1
bomb,1
wave,1
unhealthi,1
factoid,1
wari,1
benzema,1
salli,1
gatorad,1
fries!,1
streetauthor,1
#yyj,1
wash,1
rhythm,1
secretary',1
staller,1
josep,1
booz,1
steel,1
#alinea',1
sexism,1
dobra,1
16/17,1
inquir,1
rybak,1
vista,1
anno,1
schools.,1
watd,1
dunham,1
bernebeau,1
tend,1
chappelle',1
bacon,1
336,1
roommat,1
quentin,1
nowwwww,1
croatia/smh,1
morrissei,1
mcluhan,1
arabia.,1
duval,1
drummer,1
track.,1
offer],1
aspect,1
soooooooooooooooon,1
ohmygod,1
1pm,1
temp,1
loathsom,1
bitten,1
payrol,1
watagatapitusberri,1
highlights!,1
messiah,1
scandal,1
rival,1
jason,1
ha.,1
chops.,1
ha!,1
efron,1
crowd!,1
popup,1
'peopl,1
mortlock,1
arabia',1
already.,1
'come,1
spong,1
#estonia,1
part2,1
today.nina,1
parri,1
'enfield,1
already!,1
xantiar,1
congress,1
hc.,1
hal,1
haw,1
har,1
spritzer,1
afterparti,1
heartattack,1
appalling',1
yayi,1
st0nec0ld78,1
300,1
policy,spend,1
seventh,1
nxnw,1
interesting,richard,1
leman,1
gonzo,1
offenc,1
pineappl,1
offend,1
haz,1
hay,1
#mozart,1
30',1
volum,1
back.,1
he.,1
knowledg,1
#film2350,1
poshest,1
tiket,1
droogi,1
back?,1
hawaii,1
hf.,1
radio,and,1
chambar,1
crumbs.,1
#blurai,1
majorli,1
protector,1
boringgggg,1
#live4quack,1
viewer,1
zhivago.,1
ecocloth,1
singn,1
hed,1
millican,1
teatro,1
olsen,1
icki,1
goofi,1
160k,1
blown,1
sulking.,1
zoe,1
transfer,1
burnham',1
#yuss,1
sittn,1
voluntari,1
edinburgh,1
#auspol,1
pointer,1
'monkei,1
tedx,1
fangtast,1
dalton,1
wtf?,1
mortaza,1
#jealous?,1
www.virtualgranny.com,1
#hot,1
phase!,1
www.designingchris.com,1
galleri,1
stan,1
cleanser,1
adulthood,1
pay!,1
klang,1
helmet,1
bill!,1
kane?,1
spoof,1
hogan,1
unruli,1
good!,1
extrem,1
much.veri,1
onto,1
tribut,1
tribun,1
crappi,1
dilmah,1
everynight,1
tortur,1
6:30,1
routin,1
owner,1
wallabies',1
peninsula,1
pathet,1
signatur,1
goodi,1
arrest,1
zim,1
#beirut,1
#canada,1
crime/drama,1
cheezburg,1
savvy.,1
stew,1
youu,1
neuter,1
federer',1
metairi,1
ceram,1
west!,1
kane!,1
discs.,1
kane',1
doppler,1
fiver,1
vosg,1
tambor,1
lolno,1
brazilian,1
weav,1
giveawai,1
strangedemeanor,1
sprewel,1
suing.,1
2am,1
downer,1
yum,1
absurd,1
lolol,1
demon,1
votr,1
something?,1
wilkinson,1
backstori,1
percept,1
vollybal,1
'comedy',1
parad,1
rocky',1
plays.,1
lawson,1
incept,1
match!,1
wedg,1
kardashian,1
gmtv',1
gmtv!,1
'centralis,1
primari,1
burrrr,1
#nationalsecur,1
they'v,1
bangladesh',1
reckless,1
go.,1
seaweedd,1
[hq],1
weeknd/,1
turco,1
nigh,1
#nowumad,1
grief,1
hilli,1
foxtel,1
meaningless,1
thea',1
#blackmonei,1
home,in,1
golfer,1
gq.,1
stewart',1
#war,1
fukuburger.com,1
herebi,1
gop,1
tumblr,1
wartim,1
patisseri,1
bislett,1
tonight.,1
oooo,1
mainli,1
ooop,1
dose,1
dori,1
web',1
waseda,1
objector,1
manchest,1
#thegam,1
night,ne,1
gra,1
awaits!,1
#leadersdeb,1
gre,1
diesel,1
itv1,1
tablet,1
#northampton,1
1yr,1
weak,1
'parla,1
genius'.,1
then!,1
sakin,1
site?,1
critcis,1
estat,1
rover,1
laptop,1
#hollyoak,1
ssoi,1
gagnaire',1
alberta,1
alberto,1
somethign,1
town.,1
alcohol,1
them.,1
'arrogance',1
ledburi,1
blingbl,1
enthusiasm?,1
legaci,1
gateshead,1
cancr,1
jewel,1
success!,1
cane!,1
pricier,1
enthusiasm.,1
park/,1
fifth,1
troublesom,1
maenam,1
fifti,1
xoom,1
city',1
blog!,1
muscl,1
admirer.,1
simpl,1
'seafood,1
amongst,1
kiera,1
club,snatch,pulp,1
affleck,1
numb.,1
#currentlyread,1
game.,1
omnibu,1
park!,1
swill,1
coaster,1
alaska,1
strip,1
ooft,1
h/shot,1
#citizen,1
americon,1
wolves.,1
kansa,1
[a,1
slicer,1
wolves',1
stalker,1
misfortun,1
#porno,1
dumber,1
pain',1
leadership,1
accordingly!,1
hobbit,1
350,1
firstmalaysia,1
organ,1
rivet,1
snowflak,1
auction,1
2/3,1
deet,1
standup,1
jeez,1
custard,1
defa,1
glaze,1
#race,1
fl,1
wallac,1
1920',1
deem,1
virgin,1
sail,1
fo,1
travi,1
milei,1
superfood,1
wars.,1
plate,1
gf/famili,1
coulson,1
politico,1
tradit,1
betray,1
confess,1
rossdal,1
upholsteri,1
gooooooooooood,1
5sets.,1
belaru,1
bluegrass,1
betrai,1
#yafeelm,1
dublin,1
ingcross,1
yei,1
scallop,1
yee,1
dd,1
'with,1
dh,1
dm,1
loop,1
lool,1
deck,1
farrel,1
liao.,1
#owww,1
ds,1
jazmin,1
paper!,1
220,1
plavi,1
eu,1
225,1
sleeeeeep!,1
paper.,1
shout?,1
fe,1
fb,1
fc,1
triolgi,1
g.,1
sleeeeeep.,1
etsi,1
gig.,1
jupiter.oh,1
g2,1
connolli,1
capac,1
ya!,1
cb,1
ca,1
frodo,1
restaurant',1
peeeee,1
d:,1
girardeau,1
d5,1
dock,1
osborn,1
asian,1
bn,1
d.,1
bl,1
dean,1
bf,1
bh,1
jones',1
bb,1
d',1
milan,1
prescott,1
bores.,1
cz,1
#shrug,1
flavor,1
vault,1
need.,1
e5,1
cr,1
cp,1
ifi,1
lighten,1
teaser,1
billboard,1
cg,1
dandy.,1
e',1
ifa,1
boast,1
lighter,1
potluck,1
#wrp,1
subijana,1
ting.,1
ici,1
loko,1
icc,1
sacr,1
hampshir,1
directv,1
rappr,1
az,1
ay,1
past!,1
cruelti,1
variou,1
badli,1
ax,1
etiquett,1
crab,1
#privacy.],1
dodg,1
ao,1
ap,1
yam,1
sad.,1
yah,1
insidethegames.biz,1
irvin,1
nt,1
#amen,1
complete.,1
infront,1
naturalnews.tv,1
milli,1
nw,1
oc,1
#listentoyourheartbeat,1
feast,1
expect.,1
knob,1
ot,1
os,1
dong,1
#wbn,1
ov,1
playin,1
oo,1
q3,1
laughabl,1
delv,1
grammi,1
commend,1
#wipeout,1
oy,1
pe,1
anal.,1
dryer,1
lights!,1
#comedinewithm,1
trooper,1
battl,1
pi,1
demi,1
proquip,1
plant,1
lo,1
dem.,1
ii.,1
retro,1
lv,1
wuih,1
#coronationstreet,1
retri,1
'will,1
mb,1
drice,1
deli,1
contemporari,1
o',1
mf,1
mj,1
mn,1
mm,1
speach,1
o2,1
purchas,1
o3,1
mv,1
showbusi,1
#wef,1
na,1
plane,1
p',1
item,1
ng,1
nh,1
eugh!w,1
l8,1
jw,1
rubbin,1
bothan,1
#dillian,1
jr,1
akeem,1
#amador,1
victory/heart,1
news!,1
jp,1
perfectli,1
deadliest,1
down!,1
m',1
reunion!,1
ka,1
captur,1
inn,1
ky,1
ino,1
ks,1
kt,1
environ,1
'mai,1
ing,1
kl,1
ini,1
bewar,1
ink,1
'mad,1
rouva,1
homework,1
lujan,1
2:00,1
loui,1
armpits?,1
#poshandposh,1
lb,1
#controlorderslit,1
hq,1
yes,lol,1
kooyong,1
footprint,1
drift,1
in!,1
importantli,1
pompou,1
stryk,1
hydra,1
in2,1
ir,1
#3kei,1
k.o,1
conservative',1
twenti,1
innit.,1
potent,1
iu,1
electorate.,1
smash,1
dolc,1
il,1
rapid,1
io,1
ip,1
in',1
ima,1
sudan,1
je,1
jd,1
squeak,1
yaaa,1
#win,1
jg,1
america?,1
enfield,1
iy,1
humpdai,1
deuh,1
xi,1
hq],1
etc.,1
z3,1
immigr,1
c'mon,1
gomna,1
y?,1
clint,1
cita!,1
se7en,1
z',1
nigel,1
wk,1
week',1
papa,1
wr,1
ws,1
#7daychip,1
loan,1
wt,1
week.,1
pure,1
barefoot.,1
midrac,1
megamillion,1
week!,1
cuisin,1
hoo,1
#beefcakehero,1
lorrain,1
dese,1
della,1
hof,1
punk,1
hoc,1
mercifulli,1
chestnut,1
undercov,1
45th,1
heinou,1
asian.,1
x',1
week?,1
boredom.,1
longhorn,1
scratch,1
hmv,1
millionar,1
uh,1
yale,1
ut,1
tyron,1
tripl,1
concoct,1
ty,1
field,1
tx,1
twins:,1
tw,1
#usvi,1
weedi,1
whoops!,1
hug,1
ts,1
tp,1
td,1
hw!,1
riesl,1
tj,1
pantless,1
yaki,1
#here'stolookingatyoukid,1
amount,1
embrac,1
idioci,1
prerequisit,1
#yourock,1
tb,1
ta,1
sl,1
sm,1
pump,1
sf,1
sh,1
sg,1
peacefulli,1
etta.,1
u!,1
hsu,1
liberti,1
rn,1
paymast,1
rl,1
breakingli,1
'love,1
puke,1
[send,1
plain,1
s6,1
consult,1
ladder,1
icon,1
traci,1
usda',1
thatcher',1
#eastvillag,1
penelop,1
read.,1
rm15,1
eurusd,1
genious.,1
26k,1
nugget,1
lenni,1
hya,1
oper,1
solitair,1
driving.lol,1
brutal,1
loss,job,1
#oscarwatch,1
iranian,1
porridg,1
270,1
yay.,1
271,1
yawn,1
warfar,1
#follow,1
version.,1
gimp,1
expenditur,1
contact,1
southern,1
death.,1
loft,1
hadis,1
hum,1
hun,1
3dtv,1
encouragement!,1
bball,1
prefontain,1
delux,1
pushin,1
#ilovescotland,1
grendon,1
stoner,1
politicshom,1
pace,1
lodg,1
bosom,1
errrm,1
kids.,1
cornish',1
essex,1
backstag,1
maryland,1
cry?,1
bunni,1
checker',1
#thejailhous,1
kids',1
inteiro,1
fiend,1
ahaha,1
appreci,1
kuala,1
coulsen,1
yari,1
vindaloo,1
brother',1
push,1
escap,1
ecout,1
lobo,1
kids.thei,1
porno,1
errrrhhhh,1
error,1
bernardin.,1
merced,1
standards.,1
teru,1
#piano,1
yw,1
shiet.,1
strategi,1
yp,1
disappear,1
magnu,1
bailalika,1
255,1
leek,1
1414,1
jester,1
excited.,1
paramor,1
business/tv,1
yesturdai,1
pacino,1
malema,1
comin,1
'cuts',1
trick,1
#girlcrush,1
solac,1
clearer,1
revisit,1
berkeley.,1
#theweedisgoodthough,1
ministeri,1
#bfi,1
'14,1
chanel,1
ouch,1
bulli.,1
glenn,1
xavier,1
americans',1
emmancip,1
accommod,1
thing!,1
homegirl,1
dishearten,1
portman',1
kk.i'm,1
trial,1
'jealous',1
#engpl,1
ledg,1
gibsland.,1
unabl,1
brazil,1
next?,1
strongest,1
minister',1
fi',1
miliband,1
'39,1
percentag,1
#cm2011,1
quatar,1
rudd/clar,1
hahah,1
hunter?,1
terrestrial',1
leaf,1
tournei,1
fbi,1
#beauti,1
jay',1
#mybigfatgypsywed,1
surgeri,1
respectfulli,1
fyi.,1
lordy!,1
left!,1
amazingli,1
fag,1
abcnew,1
luci,1
obscur,1
leas,1
leap,1
#satir,1
kesler,1
#somerhald,1
occasion,1
haha.,1
waterloo,1
'08,1
glen,1
pasquale',1
concentr,1
asia,1
#beinghuman,1
fda,1
kristen,1
blvd.,1
greenspan,1
patata,1
splurg,1
rhody!,1
hotel?,1
stagecoach.,1
'cuckoo',1
thinkk,1
#cycl,1
dockland,1
thinkn,1
obvious,1
showcas,1
stagecoach!,1
spokan,1
guild!,1
sesam,1
score.,1
aand,1
shrunk,1
semifinal!,1
'97,1
#hors,1
boreali,1
incredible.,1
inappropriate.,1
ould,1
#pcbrigad,1
franklin,1
benign,1
games!,1
volcano,1
mhmmmmm,1
#classicmovielin,1
triumphant,1
#good.i,1
left?,1
built,1
gestur,1
tweets!,1
unannounc,1
'psycho',1
reflet,1
w/good,1
999,1
#hous,1
evening!,1
#eveningstandard,1
abroad.,1
berry,pow,1
waken,1
#bev2011,1
defra,1
kayoooo,1
wants.,1
curiou,1
mucho,1
mach,1
thing.,1
mack,1
silverton,1
ass!,1
think.,1
ishikawa,1
greatness.,1
#melidenbigfail,1
xai,1
rollback,1
crock,1
heathcliff',1
palantonio,1
ewww,1
scalp,1
10.14am,1
bullax,1
'72,1
cereal,1
momma,1
compete.,1
takuto,1
chandra,1
phne,1
rockabilli,1
couldnt,1
g'night!,1
craziest,1
tips?,1
catastroph,1
esp,1
diseas,1
#nightynight,1
may.,1
wnot,1
may',1
mclaughlin,1
pissin,1
jake,1
multipl,1
california,1
strudel,1
liabil,1
decrepit,1
sweewttt,1
much.,1
freeee,1
teenagers!,1
broader,1
ex',1
eva,1
evo,1
turski,1
succul,1
style.,1
coronat,1
vauxhal,1
0300,1
singalong,1
tidal,1
showbiz,1
alter,1
math,1
marlow,1
sittin,1
koch,1
painfulllll,1
munchoutt,1
hardwar,1
o.m.g,1
epi,1
#berlin,1
gatsbi,1
uk,com,1
glue,1
akhiri,1
who'v,1
leavin,1
nostalgia,1
1950',1
schoolteach,1
glitter,1
china,1
'factual,1
season',1
stampede?,1
season.,1
food,,1
bobbi,1
programmes'.,1
wenger,1
awesomeness!,1
disciplin,1
emili,1
bladerunn,1
epl,1
scarc,1
lmao.,1
mccloud,1
powerplai,1
advertisements?,1
#stupidalarm,1
chile,1
wwi,1
multipli,1
capitol,1
pilgrim,1
challawa,1
#libraryfun,1
belfast!,1
#coolgrei,1
billy!,1
'rear,1
adult,1
maya,1
ballerina,1
rhode,1
farth,1
muskegon,1
ninja,1
err,1
spurt,1
erm,1
girled.,1
ero,1
inki,1
raffl,1
#bnp,1
stare,1
vendetta,1
wish.,1
cobain,1
bulls.,1
mane,1
en.,1
manc,1
bulls!,1
licks'n'ston,1
solid,1
gritti,1
dvd.,1
ema,1
wp7,1
pistachio,1
mama,1
#baconbutti,1
knive,1
blanket,1
legen,1
#msuladyeagl,1
eastenders,tak,1
cookwar,1
district,1
#bone,1
enc,1
heatttttttt,1
#bop,1
spoiler,1
bluth,1
hawwt,1
wlk,1
punya,1
minnesota.,1
man.,1
pacif,1
italian,1
ego,1
quinci,1
blast.too,1
mask,1
#abparti,1
colbert?,1
mass,1
tudor,1
newsnight,1
ouvr,1
marc,1
shimmi,1
blood!,1
'dri,1
comet,1
inan,1
#book,1
blood.,1
showtim,1
senior,1
#youknowhat,1
#didnotseegreenhornet,1
wishi,1
hawt!,1
4more,1
tradition,1
wor,1
jani,1
cup.proudli,1
father.',1
groundhog,1
oh,th,1
come.,1
#tuf,1
shakespear,1
#tvd,1
#shame,1
chide,1
bibimbap,1
statu,1
fat.i,1
rearrang,1
battlefield,1
arch,1
80',1
oven,1
#nocheck,1
walao,1
neff,1
person.,1
iview,1
palmyra,1
#oneoftheseismin,1
are:,1
bush,condoleezza,dick,1
died.tt,1
gig,1
tweeting!,1
anygood!,1
o'brien?,1
mockingbird',1
missin',1
growling/bark,1
swamp,1
thorough,1
brain',1
stair,1
#dodadamnth,1
wei,1
questionable.,1
dictatorship,1
forgiven,1
o'clock,1
formid,1
#ufc,1
decos.,1
hardest,1
postpon,1
#jerseyshor,1
'deeper,1
matchbox,1
headlong,1
circl,1
2014!,1
beeny!,1
koolaid,1
facto,1
roseann,1
downloaded,th,1
geo,1
gold',1
pgcp,1
bronson,1
bocus,1
gold!,1
wiggen',1
lloyd,1
wfp,1
stalk,1
gem,1
gel,1
neal,1
gdp,1
navig,1
wiv,1
5min,1
#tel4rent,1
wiz,1
2nd',1
pagkatapo,1
wig,1
fraction,1
wif,1
wid,1
wonderfulli,1
wise!,1
trumbul,1
wht,1
whr,1
#gluttonyisamortalsin,1
chapman,1
dunk,1
2010.,1
decay',1
scarfac,1
bettr,1
superpi,1
flurri,1
nightmare.',1
giggl,1
patients!,1
youngest,1
tg4,the,1
dunn,1
#mailonlin,1
gag,1
gah,1
practice/perfect,1
schopenhau,1
tomato,bruno,1
katherin,1
criscito.,1
#nationaltreasur,1
hofer,1
unseen,1
casablanca.,1
ark!,1
walli,1
jarel,1
#herewegoagain,1
talent,1
closet,1
#abciview,1
service?,1
dizzl,1
#marathonmatch,1
aris,1
dizzi,1
service.,1
ariz,1
cetera.,1
'sink,1
weird?,1
betta,1
adrienn,1
like.,1
service!,1
homemad,1
imposs,1
finchley.,1
either!,1
abit,1
employe,1
sooooooooo,1
coudoroy',1
windswept,1
activities?,1
knightli,1
tips!,1
tokyo,1
nigthmar,1
woooooooo,1
lovechild,1
comparison,1
pabst.,1
#laptopoff,1
stack,1
accomplish,1
wax,1
#thefuck?,1
#oscar,1
wat,1
risk,1
w/my,1
symphoni,1
yesss,1
hopeless,1
funny!,1
ritz,1
poverty',1
humphrei,1
lipstick,1
#784,1
geoff,1
cairo,1
rite,1
knick,1
24/7,1
#mybroth,1
outfield,1
wad,1
#aintnomoneylikeshowmonei,1
lifter,1
'bring,1
#thingsilov,1
slipper,1
flake,1
yoda,1
wooh,1
#betterlucknexttime!,1
uninterrupt,1
hagu,1
cottag,1
#xfiles1x01,1
denman,1
fye,1
professor!,1
'de,1
prick,1
duet,1
webster,1
tactfully.,1
new.,1
times.,1
singer/songwrit,1
unchalleng,1
pacino',1
clayton,1
art',1
buried.,1
paddl,1
gideon,1
face!,1
hail,1
#seven,1
olafur,1
shaterra,1
fwd,1
art!,1
paroxysm,1
familiar,1
lung,1
times!,1
1,230,1
#legal,1
muddi,1
dreamt,1
inner,1
comin!,1
telegraph,1
nerd,1
nerf,1
waitros,1
surprise!,1
agree!also,1
signific,1
#nothingshortofelegant.,1
#comfortfood,1
ful,1
fug,1
habi,1
awsom,1
psycholog,1
hirsch,1
had.,1
anger,1
coffei,1
imit,1
electro,1
assistir,1
dump,1
athelet,1
'african,1
lust,1
shamelessli,1
frike,1
shopper,1
cocktail,1
w/gi,1
pauciti,1
kurang,1
nest,1
road!,1
denham',1
notebook,1
squad,1
rewatch,1
kellei,1
still.,1
harvest,1
fry,1
won.,1
skype,1
#daybreak,1
takin,1
fom,1
foo,1
geweldig,1
angst,1
disgrac,1
#honestthought,1
heather,1
mindboggl,1
madera,1
evid,1
grass,1
marmit,1
contempt,1
'n',1
carnegi,1
genoa,1
#candleswineyabedmybodyandyourssil,1
luhh,1
hunger,1
referendum,1
teenag,1
guilti,1
ashlei,1
provis,1
photographer.,1
#sassi,1
'threaten,1
interview.,1
fml,1
heavili,1
maizo,1
armitag,1
/xoxo,1
telephon,1
richardson,1
stay,pl,1
#bigfatgypsi,1
joepm,1
smallvil,1
postur,1
jarvi,1
o'nin,1
haag,1
fog,1
foe,1
closur,1
difaro',1
sector,1
lump,1
icky.,1
disband,1
fkn,1
actually.,1
asap,1
catapult,1
luna,1
fridg,1
showbiz!,1
please.,1
worm,1
fli,1
lull,1
sunstorm,1
flu,1
afternoon!,1
#fridayfunni,1
'hi,1
clarkson,1
please?,1
fo',1
wore,1
brush,1
imax,1
korda,1
rapidli,1
'ed,1
outdat,1
9.5,1
tremblant/quebec,1
laugh!,1
fin,1
luke,1
endeavour,1
fir,1
gentl,1
#bootycal,1
flame,1
watchin',1
tryin,1
tennis.i,1
madiba',1
profit,1
rick,1
podrum,1
rich,1
video.,1
juras,1
clai,1
susanna,1
90',1
lul?,1
mitchel,1
plagiar,1
deficiet,1
sitcom,1
claw,1
rethink,1
fka,1
clau,1
panto,1
tampin,1
suitabl,1
creatur,1
panti,1
besti,1
#fuckingawfuldai,1
sabine',1
company!,1
kaufman,1
bit?,1
#redford,1
akbai,1
mansion,1
poetic,1
tint,1
#ec,1
kayo,1
tavern,1
panick,1
shtick,1
tina,1
gonnna,1
vandal,1
hypermarket,1
'bust,1
pesticid,1
booooyaa!,1
photo.,1
butcher,1
#hk,1
#weneedmorewhiskei,1
#soccer,1
vet,1
gymnast,1
period!,1
scared!,1
hajar,1
doobeedoobeedoo,1
#print,1
sidekick,1
dayyum,1
#ge,1
line!,1
sinuses.,1
tile,1
hove,1
line.,1
x'd,1
dbc,1
miranda?hop,1
song.,1
daniel?right,1
70',1
winton,1
cock,1
700,1
misguid,1
olleybal,1
hood,1
textbook,1
nowher,1
awwwwwww,1
hool,1
#in,1
yuriatin,1
hollowai,1
cripplingli,1
dah,1
#it,1
'private',1
offsid,1
bihar,1
daz,1
aunti,1
#speaker,1
breatheeee,1
ddd,1
emperor,1
cooki,1
#filofax,1
shepherd,1
lightt,1
lightn,1
ndubz,1
sheen',1
10mb,1
guarante,1
#kimkardashian,1
cool.,1
greas,1
hot!,1
acid,1
drivewai,1
gladiat,1
rendezv,1
vitamin,1
qualifi,1
peanut,1
cum,1
98.2,1
genet,1
mimimi,1
profit!,1
respond,1
cambridg,1
sixth,1
hoje,1
thrills/terror,1
ausi,1
crippl,1
tivo,1
undead,1
profit.,1
dishwash,1
ephron,1
loooool,1
motorwai,1
excellent!,1
#aclockworkorang,1
#mp,1
accident,1
bigger,1
frite,1
#debtdeni,1
holt,1
jeeeeeez,1
#bbc2,1
factori,1
quiz,1
holm,1
thang,1
hole,1
portion,1
hop',1
giddi,1
fritz,1
robot,1
vetri,1
frequent,1
homo,1
pupil,1
hostil,1
#grandrapid,1
mentals!,1
#derreraid,1
injur,1
extraordinari,1
vets',1
snap,1
defect,1
#sundayroast,1
pfft,1
#soserioustweet,1
cyp,1
#sl,1
unserstand,1
emmerdale!,1
oyster,1
empire.,1
5th,1
#theygetpoint,1
miller,1
satan!,1
subhash,1
#kubrickmarathon,1
#nugget,1
best!,1
hunch,1
earlyy/l,1
hoge,1
flood,1
probasketballtalk,1
cooti,1
preeeettti,1
hundr,1
thal!,1
lara',1
wilson,1
lara.,1
best.,1
horsei,1
'mozart,1
ripert,1
biut,1
front?,1
tasteless?,1
hairi,1
theres4,1
andddd,1
fight!,1
kronwall',1
crappy#fact,1
recruit,1
stardom,1
egyptolog,1
masterplan,1
superfak,1
allison,1
panda,1
clp,1
#vt,1
underoath,1
#snakesoup,1
copa,1
kubrick',1
telic,1
sweat,1
deepest,1
sidetrack,1
check.,1
graphic,1
northwest!',1
usk,1
#still,1
difficult,1
caribbean,1
b.entertained!,1
pretty.,1
acur,1
como,1
comi,1
startin,1
puppi,1
coleman',1
quad,1
coleman!,1
despicable.,1
#blackandyellow,1
week.i,1
eye.,1
quak,1
#rip,1
yorkshir,1
coo,1
col,1
animation.,1
coq,1
coz,1
rainboot,1
starts.,1
chinatown.,1
spaghetti,1
lansing',1
telli,1
/sigh,1
rocknrolla,1
barbi,1
period,1
captivated.,1
sweep,1
animation!,1
diiieee,1
fizzi,1
18.30,1
up?,1
cs3,1
hunni,1
becam,1
veget,1
shamrock,1
juliet,1
tell.,1
#sweu,1
cru,1
cro,1
'get,1
me:p,1
prohibitionist,1
#gotdamn,1
accused',1
strict.,1
inteview,1
core,1
cord,1
csi,1
unix,1
secreci,1
goodnight.,1
#doi,1
22.00,1
umm,1
w/o,1
cook',1
nighti,1
w/b,1
security/,1
filmmak,1
sunshin,1
ccc,1
yikes.,1
platform,1
avec,1
#ebook,1
cushion,1
sonic,1
robertson,1
und,1
'british',1
tien,1
24hour,1
chance.,1
ukr,1
resttt,1
uk.scrap,1
night',1
1123,1
#ineverlearn!,1
delish,1
mirror,1
night,,1
bodog,1
plannin,1
#maroc,1
restur,1
overheard,1
return,1
#afflaaack,1
1115,1
ost],1
#homefrontcomp,1
tick,1
blanc,1
healthcar,1
#nssn,1
kana,1
#tpconf,1
ewelri,1
#dsd,1
lethal,1
unfunny.,1
bahahaha,1
cge,1
apocalypse',1
cole,1
newspap,1
coll,1
goer,1
uncl,1
hugarian,1
#ilovethi,1
myth',1
cia,1
callebaut,1
chose,1
becki,1
shoot?,1
#heaven,1
#lionel,1
clearanc,1
kale,1
barrel,1
unpopular.,1
ugg,1
#insult,1
chance?,1
#grand,1
capric,1
lavigne',1
sheesh,1
hoopla,1
kilish,1
affair,1
hitchcock.,1
cif,1
bonnei,1
nervou,1
cip,1
tilapia,1
saddam,1
septemb,1
cm',1
hitchcock',1
winter',1
dikht,1
chancel,1
#youhearditherefirst,1
starter,1
mcintyr,1
yowza,1
adel,1
nuff,1
60',1
paparazzi,1
anzej,1
dinner.,1
stosur?,1
spider,1
funeral!,1
#king5olymp,1
minor.,1
#cfd,1
#typicalgreek,1
away!,1
overwhelm,1
irrat,1
withstand,1
makana,1
ingeni,1
dad',1
perjuri,1
ingenu,1
anderson,1
davis/david/whatev,1
melvin,1
kooler,1
#edbal,1
laundry!,1
atim,1
laundry',1
unveil,1
ufo,1
odyssey.,1
sunday!,1
credenti,1
wanda,1
uea,1
tv.there,1
rushworth,1
pear,1
darkest,1
musing.,1
beauty/brain,1
smoking',1
spielberg,1
willpow,1
99.3,1
daam,1
een,1
make.,1
bedroom,1
everyonesss,1
''hi'',1
delights/that,1
decentralis,1
slui,1
theluckybitch,1
edm,1
blighter,1
janitor,1
saddleworth,1
some1,1
edd,1
brooch,1
adapt,1
aaaaaaaaawrr,1
b'dai,1
monterei,1
isabella,1
sargent,1
2pai,1
#sad,1
#greenwich,1
uniform,1
rickshaw,1
ecb,1
overwhelmingli,1
#ctfu,1
berattt,1
biiitchhhh.,1
#10oclockl,1
dye,1
sleepin',1
#scg,1
socialist,1
mmmmmmm,1
#radio,1
chuckl,1
#nicetri,1
lecomt,1
helpful.,1
attornei,1
#iview,1
1968.,1
illness?,1
editori,1
mnangagwa,1
packag,1
tristen,1
65k,1
stale!,1
solut,1
stimul,1
right.,1
dwm,1
laurent,1
#seo,1
demint,1
vollei,1
wilder,1
withdraw,1
#misreadheadlin,1
fishtank,1
tragic.,1
#potkettleblack,1
fulli,1
dwarfs',1
poutin,1
intellectu,1
lark,1
idol',1
rattl,1
starbuck,1
idol!,1
thought!,1
fivehead,1
dismiss,1
beaut.,1
upcom,1
electr,1
fever,1
power!,1
peck,1
mssing.,1
conference!,1
commonli,1
steamingli,1
indemnity',1
incompet,1
4od,1
hahahahah,1
eastern,1
tuf,1
lawyer,1
[pdtv,1
alabama,1
massacr,1
txt,1
worrrk,1
colber,1
withdrew,1
japan,1
santa,1
twisted.,1
extent,1
layout,1
playlist,1
otha,1
oprah,1
surprise.and,1
'life',1
lachlan,1
extend,1
mirror.co.uk,1
othello,1
maaaaan,1
daily!,1
'belgian,1
absorb,1
twn,1
reviews.,1
slag,1
awesome.,1
morning?,1
study',1
highwai,1
chatter,1
bigin,1
bradlei,1
davo,1
choices!,1
african:,1
morning.,1
skouch,1
bias,1
costner,1
contend,1
india,th,1
hyster,1
#ski,1
brillianc,1
bacolod,1
#idothattoo,1
felicito,1
#sky,1
lillian,1
adelaid,1
wallabi,1
#wewritesowehaveproofitsour,1
#southamerica?,1
rting,1
bici,1
pero,1
wildli,1
widow,1
older,1
dnd,1
photoshop,1
scarleticia,1
parlance.,1
oops.,1
wardrobe.,1
hobo,1
bibl,1
laid,1
mancunian,1
probably.,1
witti,1
tv?,1
started!,1
respect,1
#carr,1
slam,1
illinoi,1
dara,1
inborn,1
comedy.,1
#inviteyourfriend,1
sled,1
#spa,1
tmv,1
window',1
mouth?,1
tmr,1
darn,1
lalu,1
dari,1
fallout,1
window.,1
everygirl,1
#ballschannel34,1
1.000,1
bartend,1
northland,1
freddi,1
humm',1
to?,1
lake,1
pics.heheh,1
dun,1
dum,1
darlin',1
reader,1
duo,1
utensil,1
exec,1
#gossipgirl,1
peke,1
dud,1
einstein,1
penn,1
instantli,1
caffein,1
6.15,1
peni,1
#heavyhappysigh,1
sudden,1
scorpion,1
roaster,1
lana,1
lang,1
treme,1
tou,1
tot,1
tom,1
ton,1
contactmusic.comandrew,1
strangl,1
dry,1
morning!on,1
#vocal,1
humid,1
psone,1
sentenc,1
apollo!,1
boardroom,1
chariot,1
trickster,1
gastroscenti,1
shift,1
sergeant,1
spotifi,1
garlic,1
tie,1
proport,1
ship',1
crow.,1
tin,1
tim,1
kingsland,1
lately.,1
fitzgerald,1
favorites.,1
purpos,1
pheonix,1
dgn,1
exquisit,1
esther,1
corral,1
promptli,1
shawburi,1
dc10,1
dia,1
wheeeew,1
booth,1
recogniz,1
#cmq,1
woooooop,1
obtain,1
w'end,1
tix,1
france?',1
boost,1
cocopalm,1
der,1
audi,1
round.,1
ponci,1
biko,i,1
dale,1
cinematographi,1
mister,1
cranberri,1
pasternakwhen,1
dec,1
psycho',1
dee,1
time.think,1
gorgeous.,1
ethic,1
ouvir,1
slip,1
hey,lmao,1
gorgeous!,1
burton:,1
mitten,1
johnnni,1
dfb,1
bid/ask,1
gaugin,1
nowww,1
sucked.,1
bien,1
wineri,1
shire,1
petr,1
chillin',1
infantri,1
trebl,1
big',1
repair,1
brit,fairli,1
do',1
finish.,1
tfl,1
yummy.,1
bigup,1
do!,1
#whyilovesundaymorn,1
spoilt,1
marker,1
bide,1
department',1
alex',1
unethical.,1
dahl,1
5live,1
crown,1
monetari,1
firepit,1
rewatchable.,1
slog,1
nikki,1
dir,1
dig,1
sandi,1
henrik,1
phillip,1
thn,1
terrac,1
thm,1
#globalwarm,1
searchers',1
settl,1
riski,1
#nooffenc,1
ramazzotti,1
pretendin,1
diff,1
nouveaux,1
astronaut,1
pesen,1
more!,1
happy.,1
8219,1
heei,1
pierc,1
heen,1
hawke',1
heel,1
#thelonelyisland,1
mango,1
#fifa,1
touched.,1
#worthit,1
blower,1
rington,1
moral,1
grea,1
rex,1
truck,1
rez,1
#hypocrit,1
oprah',1
#pari,1
helped!,1
bangladesh,1
basketball.,1
pesci,1
grew,1
pisa,1
cuntri,1
too!,1
foolin,1
#cmonson,1
suffer,1
ambit,1
labor,1
#arsen,1
fernandez,1
rem,1
poulter,1
506th,1
rep,1
dijo,1
tooo,1
paradigm,1
nightmar,1
uncov,1
#oooooookkkkai,1
shane',1
gyaaaaaa,1
mariaaaaaaaa,1
waheguru,1
lightsview,1
station,1
parachut,1
sensibl,1
'lawrenc,1
conservatives!,1
ooooooo,1
12,500/wk,1
barber,1
reasons.,1
ooooooh,1
observer',1
people',1
people.,1
'are,1
hacker,1
#iloveoldmovi,1
broadwai,1
quantum,1
andrea,1
iplayer.,1
gral,1
dictat,1
'citizen,1
torr,1
eleanor,1
peach,1
homosexu,1
loser,casualti,1
ding,1
measur,1
msnbc,1
superbowl,1
hermione:ron,w,1
roster,1
#thisweek,1
alan.,1
obviou,1
#nshit,1
iuzzi,1
rodger,1
complaint.,1
volleyball.,1
oooooooohwee,1
element,1
categori,1
quirky.,1
ron,1
knew?,1
rod,1
todg,1
branch,1
jock,1
#interior,1
catching.x,1
roe,1
todd,1
office.it,1
semifreddo.,1
2164,1
job.,1
todi,1
gamedai,1
volleyball!,1
dammit,1
endless,1
surprisingli,1
penalti,1
t10,1
esteem.,1
bunch.mumbles,on,1
scary/crime/drama/scaryagain,1
fredo,1
daytona,1
helm,1
#jmia,1
heli,1
premis,1
awwww,1
stefani,1
toff,1
rme,1
avril,1
century.,1
tofu,1
thompson!,1
shave,1
hawkey,1
rld,1
t.e,1
thompson,1
younger,1
ha,sur,1
trump,1
what?,1
#pfw,1
sellouts.,1
#comedyaward,1
decai,1
[blu,1
disq,1
diss,1
polish,1
whinger,1
labour.,1
dynamite:,1
labour',1
grim,1
lavern,1
sight,1
emmerson,1
nmore,1
limited.,1
northridg,1
#newdessert,1
kingdom.',1
hawkin,1
rin,1
amazon,1
shaw',1
joel,1
teari,1
chubbi,1
deriv,1
team?,1
thirti,1
maintain,1
accomplic,1
akward,1
flow,1
lick,1
horrid,1
#espionag,1
libr,1
swedish,1
gorilla,1
guetta,1
noir.,1
headstart,1
debbi,1
buddi,1
#par,1
#homeworkataparti,1
shellei,1
fleuri,1
patron,1
lieu,1
chuffin',1
superfici,1
rum,1
#saveema,1
elena,1
wonderful!,1
maheshwari,1
choi,1
reich,1
#twitterafterdark,1
#labour,1
41,000,1
retriev,1
redford,1
rwc,1
insult,1
unfocus,1
#coolstorybro,1
snowmobil,1
scientist,1
discothequ,1
alas.,1
rugelach!,1
greyhound,1
#backtheban,1
bummer,1
clyde',1
ridiculous.,1
'soul,1
watchdog,1
tourist,1
'wartim,1
phonecal,1
rub,1
yeah!,1
prosecut,1
#itsnotaboutm,1
stay/but,1
tessa,1
xvid,1
'seriou,1
allsop,1
giraff,1
alinea'o,1
softli,1
lecter/amadeu,1
sunrises!,1
movement!,1
team',1
departur,1
alastair,1
team!,1
nsfw,1
voice.,1
chuf,1
attica!,1
voice',1
'shadow',1
headquart,1
#waterworld,1
#postman,1
#besaf,1
pint,1
joss,1
impli,1
#ilov,1
grove,1
plzthxbye!,1
#stupidfuckingtelevisionshow,1
sadli,1
josh,1
josi,1
successfuli,1
growl,1
#insomnia,1
sax,1
toss,1
sav,1
cornwal,1
'big,1
rhubarb,1
year?,1
cd's.,1
therefor,1
jorg,1
smirked.,1
welles/citizen,1
ordernya,1
colombe',1
infograph,1
piven,1
mamma,1
poststh,1
chup,1
pike,1
laura,1
disqualifi,1
cagnei,1
yahooo,1
reviendrai,1
#marrakesh,1
omnibus.,1
#wedidntstartthefir,1
police.,1
pimpin',1
toward,1
cigarett,1
coordin,1
joy.,1
odd.,1
lyle,1
heuer,1
#takemeout,1
lift,1
habit?,1
ugliest,1
trembl,1
hyper,1
heston',1
jovi,1
#humor,1
habit',1
pipe,1
ryt,1
resourc,1
'fear,1
myrna,1
femin,1
corps,1
4.5hr,1
simon.,1
wrote:,1
architectur,1
madre.,1
juggernaut,1
chillin9,1
lynn,1
#tbofb,1
revival.,1
partner,1
36/kilo.,1
bankruptci,1
sfx,1
lyon,1
dewhurst,1
eish,1
cleaner,1
costco,1
parlanc,1
lemonade.,1
toooo,1
#pacer,1
#celeb,1
ocean,1
acclaim,1
irritating.,1
somerset,1
#thank,1
itttt,1
rihanna,1
sceneri,1
beach.,1
bagshaw,1
hannah,1
nefertiri,1
warrant,1
marinig,1
lyre,1
last!,1
godfather.,1
bleaker,1
ashton',1
can/should,1
already,but,1
victoria,1
decemb,1
vibe,1
#teamwtf,1
feminin,1
cherie',1
vid!,1
yucki,1
#simon,1
#sarcasm,1
scg,1
amuse.,1
pebbl,1
age.,1
#golfweatherwear,1
u'r,1
guidelin,1
vice,1
francesco,1
host.,1
woolei,1
#busi,1
#happyfangirlmo,1
reciev,1
kashmir,1
information.,1
jellyfish,1
tyler,1
cookie!,1
instal,1
31st,1
fame!,1
#qpr,1
sep,1
orsen,1
warmlei,1
francesca,1
prettiest,1
#school,1
rusedski,1
know#lifesapitch,1
fame?,1
davis.,1
for?',1
#philipsdesign,1
auditorium,1
masquerad,1
'gmtv,1
subscrib,1
counteract,1
diary.,1
motorcyclist,1
soi,1
commut,1
portug,1
vino,1
cutback,1
sob,1
hetalia,1
agenc,1
scott,1
spectacular,1
infrastructur,1
sry,1
subject,1
sex.,1
wind',1
jan.29th,1
highland,1
retent,1
hannib,1
diary!,1
#britcomaward,1
scout,1
#bluntslit,1
terrier,1
#watch,1
channel.,1
tobacco,1
callback,1
streisand,1
r.i.p,1
slk,1
33/1,1
chau,1
phenomenal!,1
amis.,1
wager,1
#eestilaul,1
#grandprix,1
ullshit,1
shanghai,1
poverti,1
remacth,1
overlap,1
outburst,1
paris.,1
logist,1
freezer,1
#heaveninabowl,1
6/10,1
squillac,1
being.,1
ipant,1
cheesi,1
tennis!,1
scoop,1
mwahahaha,1
attenborough.,1
10.30am!,1
now!'someon,1
pyeongchang,1
attenborough!,1
re:vic,1
piece.,1
so!,1
gov't.,1
awar,1
3buck,1
skywalker',1
firmli,1
vineyard,1
2face,1
laissent,1
swe,1
#cantfuckingsleepsi,1
dawson,1
deach,1
saturday!,1
#afitop100,1
hearts.,1
duffi,1
raynor,1
swt,1
ok,mi,1
'sci,1
#theyloooooooos,1
valentino,1
reauthor,1
dunno,1
stairwai,1
bracer,1
wive,1
superstar,1
kinki,1
slovakian,1
dead.,1
8.30am,1
#babyblu,1
helllooo,1
youtube!,1
reed,1
reel,1
wieder,1
yeasti,1
abort,1
clair,1
tertiari,1
puttin,1
world.i,1
jersi,1
else',1
varieti,1
afua,1
bribe,1
#semifreddo,1
haylei,1
fruit,1
assoc,1
household,1
ketchup.,1
shattered.,1
late.,1
doll?,1
bomba,1
antipasti,1
sub,1
chardonnai,1
blurai,1
salaci,1
afrika,1
seein,1
sup,1
shuld,1
ruth,1
sophist,1
#energi,1
netbook,1
clutch,1
late!,1
rust,1
ancestor,1
kudo,1
rein,1
lurker,1
punish,1
altogeth,1
vuvuzela,1
reid,1
outdoor,1
cleavi,1
crusad,1
brief,1
yohanna!,1
cyru,1
tae,1
manni,1
diaz,1
tad,1
brink,1
epic?,1
farmer,1
shiraz,1
dean',1
tbh,1
#wasabi,1
deal.,1
tbf,1
wink,1
tbe,1
#prix,1
porter,1
soldier,1
parliament,1
shrine,1
mathar,1
rilei,1
tax,1
tch,1
coconut,1
#design,1
baptist,1
#vendom,1
engin,1
oldroyd/alison,1
seen?,1
other',1
rent,1
luckili,1
hur/listen,1
sparingli,1
tremlett,1
#5live,1
astonish,1
crawford',1
bug23,1
incompetent.,1
quadrangl,1
summit,1
claimant.,1
especiali,1
diet,1
abel',1
halfwai,1
asador,1
sekali,1
black/whit,1
dear.,1
#xfactor,1
twice.,1
sugarcan,1
achatz,1
reso,1
manki,1
world.,1
wit.,1
facelift,1
#montreal,1
deano,1
joker,1
football?a,1
world!,1
wemblei,1
kinect,1
disguis,1
scary.,1
hathaway',1
bryan,1
engel,1
sunni,1
lads?,1
manli,1
coast,1
timeless,1
die.,1
torture.,1
cumberbatch!,1
chillin,1
dealt,1
cuomo,1
'giant',1
seer.,1
cumberbatch.,1
a.m,1
'immens,1
nairn,1
premier,1
amador!,1
brennan,1
goggl,1
desktop,1
spellbound,1
ahem,1
sibl,1
resolv,1
cinderella,1
biz,1
shorten,1
ahh!,1
bio,1
nephew,1
bin,1
sanderson,1
foie,1
conscience.,1
smoke.,1
ouse.,1
meal!,1
nineti,1
comptoir,1
hmmmmmm.,1
#netaji,1
'cuz,1
#nowwatchin,1
too.and,1
boulevard,1
music.,1
stress!,1
drown,1
kush,1
#sadbuttru,1
#littlealpineblu,1
ahhh,1
mauser,1
kurt,1
keyn,1
bol,1
keri,1
vrede,1
bnr,1
dynam,1
talli,1
#imjustsayin,1
bardem,1
pcd,1
billionth,1
lamplight,1
graduate.,1
impend,1
gotten,1
hussein,1
bmw,1
sigh,1
bleacher,1
expatri,1
par,1
yeeaaa,1
graduate',1
staff',1
prokopieva,1
funnier,1
invent,1
usenet/serv,1
shortli,1
pak,1
nap.,1
pan,1
bon,1
speilberg,1
bounty.,1
color.,1
proli,1
fiiiinn,1
bbm,1
promo,1
heartfelt,passion,1
domba,1
salvat,1
shine!,1
malteas,1
minnesota,1
#nevertrust,1
bieber,demi,1
lobbi,1
trafford,1
bbq,1
screenplai,1
ban,1
bak,1
ignoramus.,1
#thesocialnetwork,1
shyt,1
kent,1
bah,1
#nba,1
finalist,1
constest,1
#jan25,1
cable.,1
#star,1
foam,1
hulu.com,1
secretli,1
proof,1
bf',1
album.,1
#arsenalfc,1
kabinett,1
bbciplayer.,1
petrifi,1
cruel,1
ella,1
60th,1
#ukgc2011,1
dayer,1
yaaaahoooo!,1
aha:,1
#adam,1
husband',1
#caseclos,1
#ontothenext,1
#weird,1
pen,1
#bceagl,1
1/27/11,1
pet,1
narr,1
sunris,1
baccano,1
freakin',1
tougher,1
magistr,1
king',1
that?an,1
austrian,1
fusion,1
bgc,1
#psycho,1
gavyn,1
lawdi,1
beg,1
#clashofthetitan,1
yeeahh,1
miser,1
ber,1
bep,1
#voic,1
bem,1
#oldmoviesrul,1
pkl,1
pm.,1
urth,1
polynesian,1
kasamang,1
prostitute.,1
#personalissu,1
gimmick,1
roller,1
impolit,1
rewiredst,1
#whydidisaydamn,1
great.,1
keli,1
despair,1
applaud,1
escapist,1
kind.,1
hoarder,1
#preview,1
bgt,1
#tufc,1
glimps,1
#nhl,1
dwon,1
crackl,1
homeee,1
changer,1
dgp',1
berg,1
glorious,1
ogontz,1
bet',1
pot,1
expir,1
#discgolf,1
goji,1
#hardest,1
madelein,1
lusciou,1
muahahahah,1
whooo,1
whoop,1
waterfront.,1
smoothli,1
#toodorkyforfacebook,1
bootycal,1
waterfront',1
'ye,1
badger,1
savannah,1
hyne,1
colonel,1
scruffi,1
ilov,1
waterfront!,1
macaroni,1
fajita,1
crank,1
hahahahahahahahaha,1
whore,1
bump,1
ensur,1
electron,1
site,1
caramel!,1
95.9,1
'catttt,1
#ocampo7th,1
saunder,1
thorn,1
award!,1
oscars.,1
alexander',1
jealou,1
hype,1
twitit,1
days!,1
manipul,1
mahapurush,tru,1
moon.,1
megamind,1
remix,1
'thi,1
buse,1
ausopen,1
finna,1
gong,1
bush,1
closest,1
days.,1
human],1
disinterest,1
belief,1
aaaaahhhhhhhh,1
gop',1
writeup,1
lurch,1
ben.,1
victory!,1
janet,1
hellman,1
#iwannaslap,1
crush,1
cap,1
maaad!,1
good'un.,1
kickoff!,1
'north,1
d'or,1
livetweet,1
cam,1
thoma,1
mytholog,1
kelar,1
cai,1
internationally,,1
closet!,1
specif,1
head.,1
anythink,1
stealer,1
#iwanttotalkaboutalloftheth,1
bent,1
wink,wink,1
'on,1
beyonc,1
gosh,1
bethel,1
sustain,1
hypocrit,1
inspired.,1
bugi,1
eatin,1
#sotru,1
gomorrah,1
woodwork,1
usa.,1
surfac,1
lotto,1
bsf,1
simmer,1
unhappy.,1
pun,1
'progressive',1
craic,1
korea',1
living.,1
romanc,1
hear!,1
#msa,1
pamplona,1
eater,1
curti,1
'no,1
sancerr,1
cinci,1
specul,1
romantic,1
gosl,1
hohoho,1
bul,1
tonka,1
bender,1
backstreet,1
gota,1
mealmat,1
#foodorgasm,1
beet,1
taxpayers.,1
anecdot,1
ohmygodohmygodohmygod,1
accur,1
sabin,1
gandhi,1
'too,1
hamm',1
gow3,1
'to,1
bedi,1
#bear,1
hmmmmmmm,1
sink,1
ema',1
cobra,1
#nexttwi,1
ucat,1
pocketdoppler.com,1
quirk,1
introduct,1
hamm.,1
pitch,1
douchebag,1
#fxpg,1
#throwbackmuzik,1
opinions!,1
eject,1
kunstler,1
same.juli,1
lotta,1
least!,1
masterchef?,1
sudoku,1
asshol,1
presidenti,1
guildford,1
nonton,1
byu,1
chancellor.,1
chancellor,,1
dumb!,1
moni,1
antichrist,1
2004,1
labourite!,1
2005,1
verklempt,1
gooner,1
2003,1
bullshit,1
project?,1
beba,1
vajayjai,1
instant,1
bed.,1
love!,1
gage,1
constantia,1
instanc,1
gabriel,1
mont,1
butter,1
chilin,1
aip,1
love.,1
tavern!,1
mole,1
#interestinghuh,1
oddli,1
respectively.,1
instructor!,1
cheesecak,1
aid,1
mon!,1
#mf11,1
cuts.,1
faster,1
ahi,1
ahh,1
domain,1
shutdown,1
bean,1
allegi,1
fondaumier,1
#edl/bnp,1
#randomthought,1
aha,1
wolfman,1
shad,1
satisfi,1
primetim,1
guy/girl,1
jewelri,1
lego,1
cuts?,1
vongteringen,1
futurama,1
done!,1
easier.,1
lemm,1
norman,1
henrietta,1
height.,1
hyperventil,1
'twa,1
stellar,1
mom',1
lovely!,1
clothes.mai,1
lolthei,1
#goodwoman,1
mojo,1
done.,1
house!,1
unforgiven',1
'aloha'!,1
amp,1
bits.,1
ways.,1
macmurrai,1
ayin,1
intense.,1
husband,1
ao!,1
gestapo,1
skopj,1
chill.,1
#classic,1
gala,1
cappuccino,1
elfimov,1
alt,1
regist,1
blowout,1
mogo,1
booger,1
snitch,1
ali,1
cocki,1
stoke,1
wildlif,1
metro,1
houston,1
drago,1
ala,1
alb,1
behind.,1
donat,1
genuin,1
mehrabian,1
holland,1
gigant,1
ako,1
approach,1
medinah,1
manner,1
[rss],1
am.,1
bedford,1
minggu,1
simultan,1
#nerd,1
abl,1
ad.,1
mous,1
jerry',1
louise',1
mesmer,1
amen!,1
dongl,1
discharg,1
procedur,1
pity.,1
attitud,1
#oprah,1
coder',1
expert,1
childhood.,1
recycl,1
producers.,1
#ausopen,1
jennif,1
suckin,1
surround,1
skoll,1
leon,1
amateur.,1
southwest,1
#hungryhippotweet,1
oracl,1
#armi,1
crawl,1
mammoth,1
luciana,1
violin,1
reportedli,1
uncontrollable!,1
pontiac,1
gaat,1
find/and,1
afi,1
necessari,1
afl,1
hint:d,1
relief.,1
leur,1
graffiti',1
seabourn,1
stove,1
scream,1
songs',1
columbu,1
gabl,1
aee,1
levi,1
interrog,1
stout,1
effective.,1
moor,1
wiper,1
adi,1
engrav,1
crazy,1
#notionink,1
semest,1
niceee,1
locat,1
acm,1
expel,1
gump,fight,1
acb,1
benar,1
theori,1
comand,1
expression',1
schofield,1
ingram,1
mayneee,1
#asia,1
hoover,1
kasumi,1
athough,1
#curbyourenthusium,1
hangout,1
wuuuuut,1
nazi,1
karan,y,1
welles.,1
gauss',1
mcgrath,1
soho',1
yhur,1
draining:,1
hanoi,1
arrrgggghhhhhh,1
w/the,1
axi,1
macaron,1
obsoletes.cut,1
donni,1
#bundesliga,1
shriver,1
crimin,1
forza,1
republ,1
#booooo,1
infomerci,1
fundament,1
lewi,1
songs?,1
#nickcleggshameony,1
#nyu,1
keen,1
baaaabyyyyi,1
slice,1
frighten,1
plod,1
robber,1
[tear],1
demos.id,1
relev,1
tintin,1
verri,1
toaster,1
increasingli,1
lavend,1
combin,1
handbook,1
beyonce',1
jonathan,1
sleepy.,1
composit,1
lottery.,1
kermod,1
angleou,1
homeless,1
someone',1
hernia,1
someone.,1
whippl,1
repeal,1
hank,1
interpret,1
'snow,1
hang,1
wordpress,1
shum,1
adequ,1
fanhous,1
drawl,1
lipstick.,1
documentary.,1
foul,1
clyde'03,1
racist,1
berger,1
hama,1
reykjavik,1
c'est,1
expens,1
henney',1
#databas,1
davichi,1
romeo,1
exorc,1
course.,1
relax,1
relai,1
shelf,1
sushi.,1
barcelona,1
balls.,1
fork,1
arr,1
heartless,1
#questionsicantansw,1
breakdanc,1
moet,1
asl,1
#tinkerbel,1
drake,1
neglect,1
'e.t,1
ocal,1
c4',1
downstair,1
practic,1
forg,1
fore,1
app,1
for.,1
chrisett,1
barton,1
scatter,1
outbreak,1
utah,1
jls',1
kensington,1
8tv,1
foot,1
infer,1
huddersfield,1
xxxxxx,1
plainmoor,1
benni,1
deniro,1
tonelli',1
orange.,1
'you'r,1
decriminalis,1
#gayboyproblem,1
pls!,1
lawlz!,1
awh,1
quotes!,1
reject,1
unexpect,1
bamer,1
orange',1
rightli,1
atp,1
#respect,1
fold,1
#noreserv,1
karlei,1
#stayfocus,1
about,on,1
shld,1
anniversa,1
olivi,1
doesnt,1
nois,1
sumwher,1
ray',1
omg!,1
herman',1
gloria,1
yes!,1
inquiri,1
colour!,1
poppin,1
r.i.p.,1
gump',1
massive!,1
atmospher,1
distanc,1
mubarak,1
doctorow.,1
neg,1
yet.,1
tamwar,1
procrastin,1
exposur,1
fergi,1
keen.,1
recesss,1
sundance.org,1
mubank,1
justifi,1
ray],1
border.,1
warner,1
josephsmydrug,1
sweden,1
appet,1
albacor,1
aggress,1
wooooow,1
keureeen,1
loooov,1
nex,1
#dadjok,1
subha,1
ballet,1
municip,1
kilda,1
exhibition!,1
rope,1
airport.but,1
taste!,1
yeux,1
bedtim,1
awkwardli,1
extremeist,1
duck!lapeee,1
market.,1
ghetto,1
[exclus,1
[uk,1
barney's.,1
me.here',1
ajar,1
roof,1
fodder,1
hiya,1
materi,1
utrh,1
patna,1
kwon,1
'fail,1
romp,1
nao,1
lager,1
nap,1
frozen,1
nag,1
skinni,1
trainer,1
chavez,1
rolo,1
empor,1
this,thi,1
family.i,1
8.00,1
#broadcastersunion,1
albeit,1
sullivan,1
marbl,1
'what,1
seinfeld,1
politics],1
deposit,1
doodle,so,1
nerdiest,1
marpl,1
marr.,1
#zegermans!,1
forman',1
proclamation?,1
mariaaaaaaaaaaaaaaaaaaaaaaaaa,1
'catfish',1
#vanessawhitburn,1
homosexuals.,1
hhmmmmmmmmm,1
hoboken,1
rosi,1
dairi,1
follow?thought,1
queen!,1
#nowmarathon,1
working?,1
voter,1
#nobueno,1
him?,1
johnni,1
arboh,1
squash,1
#televis,1
rape,1
wagamama,1
#strangelov,1
valentine',1
libbi,1
regimen.,1
denni,1
nonbar,1
arrgh,1
nosi,1
omin,1
nose,1
maroc,1
seriously.,1
sbux,1
#lfc,1
#oneismutuallyagreedupon,1
awards:,1
unforgett,1
hiro,1
omnomnomnommmm,1
proceed,1
toshiba,1
dakota,1
tumbl,1
jefferson,1
beautiful/fun,1
countless,1
#euro,1
durarara,1
whahhah,1
overshadow,1
alaina,1
util,1
suprem,1
mario,1
rosamund,1
nohoooooo,1
belov,1
dickinson,1
marissa,1
caramel,1
unfollow,1
awards.,1
scottish,1
insomniac,1
hint,1
paradis,1
insprtion,1
tender,1
dronedaron,1
unintention,1
'hypeyourself',1
slideshow,1
logic,r,1
nxt,1
chicken.,1
muffin,1
ctid,1
35mm,1
aswel,1
sacrileg,1
peeep,1
kanjani!,1
cutter.,1
advert,1
midland,1
chase,1
[facebook,1
jajaja,1
23:47,1
zahav,1
7/10.,1
denver,1
uninform,1
evrybodi,1
annoy,1
buffalo,1
aduriz,1
librije',1
admir,1
blindli,1
really?,1
chart,1
really.,1
phenomen,1
wassup,1
progress,1
#saveleedscrisiscentr,1
#thebigquest,1
playgroup,1
9month,1
lambert,1
#bettydriv,1
pecher,1
ranch,1
england',1
#blackandyellowblackandyellow,1
platoon.,1
quartet,1
siiip.,1
alongsid,1
kungfu,1
waitforit,1
chant,1
consum,1
#kshe,1
karaok,1
jimmer,1
fair',1
mozart,1
clariti,1
nation',1
verg,1
700th,1
scan,1
katsu,1
62nd,1
nph,1
anniv,1
/one/,1
#cuppa,1
npr,1
carcassonn,1
leftov,1
milo,1
0.1,1
npv,1
french.,1
nyambung,1
nod,1
nob,1
cinnamon,1
noh,1
noe,1
#dschungelcamp,1
tuesdai,1
blinder,1
teeth,1
#epc22,1
parliament.,1
#luvhim,1
start!,1
stars?,1
#lpac11,1
kirton,1
tter,1
goal.,1
#win100,1
successfulli,1
#caindingleishot,1
hittin,1
dexter:i,1
nanni,1
tried.,1
#karat,1
properly',1
wycomb,1
smother,1
eastman,1
venu,1
plmgss,1
minu,1
no.,1
resto,1
no1,1
snooki,1
djokov,1
11:30pm,1
mural.,1
swashbuckl,1
#climat,1
aerob,1
slate,1
capogiro,1
killers.,1
cowel,1
cowen,1
suss.,1
weaslei,1
throughout,1
landrut,1
fmllll,1
#margiewolf,1
samsung,1
hennei,1
programming?,1
yell,1
uuuuhhh,1
chevrolet,1
thick,1
pmqt,1
goal?,1
shrek,1
slave,1
cdai,1
aiza,1
tackl,1
guy?,1
mindfuck,1
parget,1
nig,1
#makeclarebaldingthenewandygrai,1
eyeshadow,1
carolyn,1
sick.,1
egypt,1
mish,1
shoulder,1
acknowledg,1
114th,1
mist,1
know.,1
14a,1
photograph,1
tuned.,1
#vvvpsv,1
hypocrisi,1
uncook,1
156,1
innerpartysystem/alt,1
150,1
tunee!,1
search,1
disco,1
unifi,1
am,i,1
sayaw,1
oi!,1
chewbacca,1
spine.,1
driverless,1
editor,1
marvel,1
#crunchi,1
forreal,1
vino!,1
dumbest,1
akin,1
perspect,1
corleon,1
st.john,1
oil,1
monopoli,1
61st,1
refund,1
sand,1
vega,1
chocolates.,1
maaan,1
operson,1
180,1
ddnot,1
melbourn,1
canuck,1
wonna,1
snowstorm,1
111,1
#huski,1
#celebr,1
jizz,1
side.,1
radiomaphon,1
compris,1
obv,1
#uefa,1
slight,1
poll,1
pole,1
#mba,1
translateenglish2french.com,1
depriv,1
#kindl,1
#cpac11,1
127,1
128,1
backseat,1
citihom,1
of.,1
propagandist,1
odi,1
stint,1
arsen,1
shoulda,1
cough,1
poke,1
machine.,1
requirment,to,1
salt,1
pound,1
saki,1
138,1
mash',1
emma,1
libraries/,1
one!,1
wonka,1
poni,1
gallbladd,1
pop.,1
said.,1
wrong!,1
ponc,1
130,1
pond,1
thin.,1
144,1
said!,1
polo,1
minaj,1
151.94,1
#berkelei,1
yunger,1
#richard,1
iiona,1
taliban,1
tanker,1
curl,1
cure,1
spumoni,1
kathi,1
wfaa,1
here!,1
filibust,1
#examsinsight,1
meander,1
jordan,got,1
curv,1
lolita',1
carwash,1
upright,1
islam,1
yawn.,1
anyway?,1
shearer,1
masqu,1
massei,1
lucker,1
ficar,1
giuliana,1
classic?,1
cuti,1
emmerdale/danni,1
#mlb,1
fallon,1
#mma,1
oap,1
refuel,1
tunic,1
jackson,1
cabinet',1
administr,1
bar/pork,1
walked.,1
healthi,1
storylin,1
registr,1
grl,hai,1
hormon,1
succe,1
#bestcompli,1
vouch,1
dolla!,1
friedkin,1
arnald,1
health?,1
3/13,1
cinemat,1
nyt,1
#india,1
#eyeballshot,1
multaq,1
mice,1
buffet,1
rainli,1
sauv,1
'technology',1
annum,1
#graduat,1
baggi,1
washi,1
#auditv,1
session.,1
enjoyment.,1
high.,1
four.,1
cynic,1
ramsai,1
four',1
had/for,1
#propertyladd,1
nole',1
shitty.,1
uganda,1
ids',1
chacha,1
dubturbo,1
redempt,1
pacquiao,1
whitehal,1
#missrocklaura,1
now.and,1
semillon,1
mulder,1
domscheit,1
stress:so,1
susan,1
recip,1
frnt,1
lives.but,1
bluejai,1
sat.,1
mason,1
nanci,1
brauneberg,1
upgrad,1
oxo,1
rough.,1
finsburi,1
bella,1
wondering!,1
condoms.,1
dmit,1
ustream,1
blissfulli,1
harrison,1
#byelections.,1
branson,1
scouser,1
woodland,1
tears.,1
bisexu,1
uk:politics:lib,1
wheel,1
gwen,1
consumpt,1
zitten,1
promot,1
zagat,1
intervent,1
jewelleri,1
ginger,1
#flight,1
rakyat,1
factor,1
[h],1
end.,1
javier,1
estonian,1
ganach,1
enya',1
100,000,1
oregon,1
otw,1
oud,1
reminisc,1
#educ,1
'butch,1
#lol,1
aller,1
#audi,1
business'.,1
otm,1
rotten,1
ost,1
weather.going,going,gon,1
drool,1
unknow!,1
tinkerbel,1
facts.,1
unit.,1
rouge!,1
badass,1
perfectooooo,1
apprx,1
cup!,1
blacklist,1
shutter,1
yaaas.,1
cchq,1
oso,1
what'r,1
raid,1
tracheal,1
mins?,1
indec,1
cup?,1
mins!,1
condon,1
#immelt,1
allig,1
there?,1
experienti,1
ova,1
inver,1
rhodes!,1
grandpar,1
anchovi,1
blooper,1
fileshar,1
treadmil,1
wateri,1
waterg,1
mine!,1
exsist,1
mine.,1
goldsmith,1
1.5,1
stirl,1
1.4,1
jenni,1
opt,1
#corri,1
ooo,1
bercow.,1
espnth,1
cleve,1
swaaggggg,1
calcul,1
mind!,1
locker,1
ooc,1
#leed,1
mind.,1
nite!,1
cube,1
oop,1
webber,1
verbally/phys,1
#breastfeedingstrangerz,1
prototyp,1
modesti,1
gooner!,1
dada,milei,1
103,1
fake,1
102,1
#onthephon,1
norwai,1
instrument/rubik',1
archers.,1
boutiqu,1
whenev,1
gonzalez,1
pajama,1
crystal,1
supershow,1
groceri,1
daniel',1
archers!,1
whiskei,1
1/3,1
1/2,1
mindf,1
distract,1
cudi,1
hhhaaa,1
substanc,1
'total,1
oowww,1
once!,1
tuna,1
[my,1
#weirdliteratur,1
cardi,1
downtownorl,1
#yelp,1
'film',1
tv.larri,1
lahor,1
dreyfu,1
glenmorangi,1
tyrrel,1
empir,1
chupa,1
intention,1
banshee',1
bcaus,1
trashed.,1
jeremi,1
mediterranean.sens,1
froggi,1
changer.,1
carita,1
loathesom,1
nicknam,1
#chumkidumki,1
far.,1
qualia,1
creami,1
omw,1
qualif,1
calderon,1
yuri,1
www.jaysamnesia.ning.com,1
constitu,1
mcadam,1
baro,1
panetton,1
techniques.,1
#newyork,1
bare,1
bard,1
#ausveng,1
peeps.mor,1
[infographic],1
shown,1
wide,1
win2000,1
avatar,1
vdai,1
tail,1
'excited',1
itunes.,1
divers,1
fawn,1
blitz,1
sawyer,1
basingstok,1
sculptur,1
mixtur,1
dimblebi,1
adrain,1
woefulli,1
freshli,1
#sotu,1
baru,1
beverlei,1
bloddi,1
athlet,1
#indiasrisingeconom,1
pple,1
ralli,1
client,1
ditch,1
all',1
metaxa,1
hissi,1
primarili,1
all!,1
#redbul,1
friendship,1
brighten,1
#bieber,1
1:00,1
appropriate?,1
#jfkfightingzombi,1
3some.,1
methodist,1
society.,1
perfect.,1
brooksid,1
traine,1
carol,1
gtot,1
results?,1
manhattan',1
omari,1
basis.,1
salzburg.,1
ppl!,1
fat',1
carr.,1
honeymoon,1
lah,1
creek,1
bar.,1
lap,1
carr!,1
interference.,1
talm,1
kita,1
#joke,1
ecstasi,1
better!,1
xposur,1
bestfriend,1
lbc,1
#weekendfun,1
xoxxox,1
cricket,rugbi,1
#nycm,1
ocnoxi,1
zipper,1
fugitive/chain,1
vthoki,1
gentlemen,1
sacramento,1
tart,1
jakarta,1
#stlcard,1
nook!,1
stroke,1
carro,1
meet.,1
torment,1
win',1
#elevenmadisonpark,1
bustl,1
www.innercity.tv,1
rabbit7,1
win!,1
wilt,1
disagre,1
creep,1
canberra,1
jibe,1
eyelash,1
meetup,1
rebeless,1
insur,1
ministri,1
depot,1
shot.,1
fsu.,1
remarks.,1
mansfield,1
figaro,1
omaha,1
fsu',1
topless,1
stumbl,1
blacknwhit,1
crocodil,1
korang,1
shook!,1
constabl,1
tapa,1
arthous,1
party!,1
ditch!,1
motiv,1
ukip/bnp,1
deput,1
#outtahand,1
marriag,1
dragon,1
memorabilia,1
hehehe:,1
howard,1
creek.,1
argument,1
together.,1
matur,1
'one,1
sure!,1
empower,1
viagra,1
1n2d,1
inkpop',1
sure.,1
clube,1
patienc,1
noon!,1
rabbit,1
wahooo,1
fire!,1
newsweek,1
livid,1
shove,1
#cricketau,1
thirsty.,1
school.,1
countryside!,1
moebius',1
puzo',1
'old,1
show!,1
wholeheartedli,1
bawl,1
club',1
show',1
xtra,1
doabl,1
follow!,1
werewolf,1
blueprint,1
club!,1
distribut,1
hung,1
maynard,1
#toopredict,1
mississsippi,1
hunt,1
bowl!,1
see.,1
#dialton,1
alarmclockygod,1
cardle',1
oympic,1
valentin,1
fairer,1
interraci,1
boyfrienddd,1
bad.,1
6/14/09,1
completlei,1
frye,1
edwardian,1
arbuthnot,1
grafton,1
sian.,1
kingdom,1
bad?,1
groban,1
holder,1
ambridg,1
cosmic,1
vongerichten',1
kubrick,1
gloryfest,1
badd,1
moustach,1
ideas.org,1
habanero,1
#sheridan,1
crumpet,1
carissa,1
#swingvot,1
resuscit,1
ronnie!,1
burnett/gon,1
mckenzi,1
orlando,1
idgaf,1
freakest,1
livni,1
addison,1
drunken,1
tennant,1
songs.i,1
select,1
karim,1
lsn,1
101st,1
render,1
furiou,1
sega,1
'civilization',1
henri,1
sport.,1
hulk,1
talents?',1
dental,1
ihop',1
'playing',1
hahahahahahahaha,1
segu,1
nicca,1
#damnhowdidigetwideopen,1
regular,1
woman.,1
wuhooo,1
crew!,1
felicit,1
achiev,1
who!,1
yuck,1
hump,1
#hull,1
carwashes?,1
chandler,1
who',1
ender,1
1:30,1
franchise',1
martini,1
tosh.o,1
casei,1
musician,1
kaikan,1
#michelin,1
reputation.,1
yum!,1
bowl/l.a,1
trel,1
baja,1
a.neil,1
miranda,2,1
suffici,1
#flashforward!,1
pose,1
#iraqinquiri,1
dishonor,1
lemire.,1
urasawa,1
lex,1
aloud,1
credul,1
leo,1
len,1
anthoni,1
astro,1
nicol,1
punter,1
5.00i,1
unwrap,1
firth,1
indosat,1
#dazedandconfus,1
#godfath,1
backtotheeighti,1
tiramisu,1
#murrai,1
jinx,1
#akamyjob,1
kennot,1
18th,1
online!,1
preper,1
herald,1
xfactor,1
yup!,1
'well,1
tran,1
trap,1
#iwantyhuto,1
baff,1
price.,1
spectat,1
domenico,1
martinborough,1
hudi,1
incid,1
personifi,1
#lefood,1
pooh,1
brighton,1
headach,1
pool,1
lit,1
detect,1
feelin,1
bellicos,1
jaws.,1
shamwow,1
jaws',1
embarrass,1
walesonlin,1
students.,1
academy.,1
lik,1
whad,1
kjgnkjdnkjnjk,1
ch'town,1
queen'.,1
runner',1
uglier,1
brow,1
fredett,1
fishi,1
earlier.,1
#danc,1
auster,1
wisconsin,1
gung,1
inbox,1
wild.,1
fascinating.,1
phew!,1
mak,1
mag,1
axe:th,1
map,1
mar,1
mal,1
mclean,1
mao,1
militari,1
needlework,1
#theloniousmonkinstitut,1
mau,1
louisiana,1
mat,1
intro,1
engend,1
backhand.,1
'minut,1
lmfao!,1
museums/navi,1
uptown,1
reverbn,1
chairless,1
#wantsjournaliststoofferperspectivel,1
mcc,1
legendari,1
#ableg,1
dilemas!,1
ledisi,1
fiction!,1
[final,1
falcon.,1
conduct,1
ferran,ferran,ferran,1
mcr,1
essenti,1
spirit',1
gloom,1
d:d:d,1
hard.,1
breakdown,1
gush,1
bonjour,1
manford,1
mee,1
outrag,1
#orlpol,1
chosen,1
ole',1
madeira,1
boring!,1
old.,1
gregori,1
#midd,1
brux,1
freudian,1
'down,1
meh,1
privatis,1
endur,1
uncomfort,1
overload,1
thando',1
#saturdai,1
adams',1
pedro,1
16.00,1
lansburi,1
bogei,1
ireland,1
instructor,1
cheney,netnyahoa,tzipi,1
needacigarett,1
lvd,1
whig,1
whoaahhh,1
scrapbook,1
westminst,1
watchn,1
brasco,1
villa,1
burnt,1
genr,1
whit,1
#namesformyfist,1
wrongplac,1
#hudyamb,1
charcuterri,1
petit,1
veronica,1
idea.,1
ftw!,1
inability2,1
try.,1
idea!,1
faster.plz,1
#kei,1
realiti,1
larami,1
fuck!,1
upload,1
rappel,1
#madridfus,1
karen,1
white.,1
existed!,1
collaps,1
lyk,1
itouch,1
today.,1
booster,1
capita,1
#ukpolit,1
herbal,1
requesting!,1
effect!,1
spike,1
homei,1
#goodbook,1
#thewedg,1
effect.,1
corniest,1
gerald,1
#tori,1
5by5,1
waugh,1
player.,1
#torr,1
get',1
now,thei,1
s10w,1
masturb,1
underst,1
necklac,1
trotbot,1
#bittersweet,1
burma,1
#shitthathappenswhenyougrowachildactor,1
unsuspect,1
hust,1
bollox,1
taxpay,1
[creative],1
thankyou.,1
gibsland,1
'pack,1
amael,1
fish.,1
abund,1
#talkaboutnurs,1
dtnbollywood,1
#contest,1
mosel,1
#dontjudgem,1
mph,1
horrifi,1
penny.,1
wyom,1
randolph,1
pakistan,1
1970,1
1973,1
thriller,1
wah1010bt0717,1
greece!,1
annie!,1
cyclon,1
romantic.,1
cell,1
sheeeeeeeeet,1
gwyneth',1
1983,1
1980,1
tomorrow!,1
1986,1
mot,1
1985,1
1988,1
shade,1
dignitaries,im,1
tomorrow.,1
frank,1
obesss,1
gosford,1
tomorrow',1
cinemathequ,1
moros,1
rambo,1
knaresborough,1
#getexcit,1
kelly.such,1
controversiesespna,1
gorman,1
longer.,1
repli,1
employ,1
brad,1
#8song,1
brag,1
edward,1
spotlight,1
#starwar,1
oversea,1
mtv,1
cards.dll,1
inhibition.,1
#superbowl,1
mtg,1
bush',1
emploi,1
lies!,1
adjac,1
eddit,1
meyer,1
miniseri,1
minivan,1
#soap,1
msg,1
blogger,1
weigh,1
woooowww,1
wolfgang,1
corner.,1
#footbal,1
vendo,1
eyeball.thei,1
vaughn,1
corner!,1
dispatch,1
globe,1
kid',1
shite?,1
metallica',1
'bigot,1
kid.,1
bush.,1
pouncei,1
inter,1
bret,1
tunisia,1
breh,1
#kitkat,1
improvis,1
amas,1
imfao,1
mhm,1
hun,it',1
government',1
jhon,1
exciti,1
#brilltast,1
riihab.com,1
retrograd,1
finchlei,1
flower,1
equin,1
#cheri,1
government?,1
#nowwatch,1
#john,1
#fetish4mykicksfridai,1
virtuous.,1
reaction,1
cabin,1
'good,1
queens',1
smurf,1
structur,1
ciaran,1
eirdest,1
'gone,1
blasphemi,1
intim,1
cath!,1
intil,1
sheldon,1
l'ateli,1
brit,1
whittl,1
tabi,1
mia,1
klaxon,1
mii,1
amen,1
atleast,1
#fashion,1
eeeee,1
1939,1
portrai,1
1/22,1
gear,1
o.d,1
#therit,1
'labour',1
wilk!,1
symbol,1
1941,1
chelsi,1
#wierdobsess,1
arcad,1
wyclef,1
breslin,1
1959,1
guiness,1
jewish,1
1953,1
1950,1
derekramsei,1
busier,1
mmy,1
sharp,1
1969,1
aurora,1
paisola,1
bollocks.,1
figurin,1
1960,1
vanquish,1
wrexham,1
haukaa,1
tonite?,1
tepilo,1
#crossroad,1
guest?,1
justif,1
seats.,1
