@user,444
link,186
just,114
like,110
wa,108
watch,101
thi,98
ar,76
ha,62
get,61
it',56
now,54
go,52
hi,50
thei,49
think,48
fuck,42
look,41
show,39
will,39
need,37
want,36
time,36
peopl,35
make,35
can,33
hate,33
game,32
new,32
got,31
know,31
come,31
sai,30
still,30
polici,29
us,29
year,29
realli,29
even,29
david,29
world,28
cup,28
man,28
u,27
see,27
never,27
hard,27
dai,26
plai,25
onli,25
kill,25
girl,24
last,24
good,23
oh,23
shit,23
miss,23
thing,23
back,23
first,23
night,22
that',22
lol,22
sell,22
feel,21
best,21
movi,21
tv,21
end,21
read,20
big,20
work,20
becaus,19
bad,19
give,19
driver,19
call,18
ed,18
take,18
cut,18
2,17
d,17
gui,17
drama,17
i'v,17
wai,17
ever,17
film,17
talk,17
famili,17
ball,17
n,16
cabl,16
thought,16
kid,16
star,16
love,16
school,16
tenni,16
french,16
well,16
great,16
without,16
john,15
much,15
life,15
andi,15
final,15
listen,15
im,15
apart,15
servic,15
hour,15
seen,15
sound,15
try,15
sure,14
walk,14
educ,14
ani,14
adam,14
davi,14
everi,13
jimmi,13
befor,13
music,13
celebr,13
nick,13
put,13
gari,13
lost,13
ass,13
war,13
conserv,13
psycho,13
taxi,13
eat,13
live,13
tori,12
brown,12
sad,12
awai,12
happen,12
you'r,12
coleman,12
god,12
said,12
di,12
le,12
though,12
veri,12
littl,12
todai,12
alwai,12
gordon,12
babi,12
poor,12
danc,12
5,11
4,11
piss,11
dine,11
western,11
bore,11
civil,11
window,11
mean,11
bob,11
gonna,11
gone,11
believ,11
actual,11
long,11
leav,11
someon,11
mani,11
start,11
fail,11
hope,11
gener,11
also,11
danni,11
follow,11
tabl,11
ladi,11
hell,10
drug,10
carr,10
cant,10
better,10
wrong,10
wind,10
tell,10
tonight,10
econom,10
quiet,10
american,10
bitch,10
place,10
hot,10
bunch,10
monei,10
made,10
someth,10
wonder,10
archer,10
next,10
via,10
find,10
hous,10
clegg,10
lot,10
either,10
bald,10
dog,10
king,10
/,9
s,9
x,9
connect,9
job,9
rather,9
super,9
run,9
care,9
hear,9
real,9
alexand,9
bowl,9
bring,9
clare,9
stop,9
side,9
masterchef,9
ppl,9
ic,9
mockingbird,9
front,9
keep,9
crow,9
open,9
ask,9
food,9
ye,9
far,9
rememb,9
mayb,9
high,9
pleas,9
labour,9
wuther,9
doctor,9
win,9
break,9
third,9
face,9
went,9
old,9
duck,9
onc,9
wild,9
twitter,9
person,9
sleep,9
mai,9
island,9
two,9
doe,9
alistair,9
bonni,8
3,8
o,8
space,8
song,8
caus,8
brother,8
wait,8
death,8
stupid,8
stuff,8
bout,8
wish,8
gerri,8
boi,8
he',8
pai,8
per,8
african,8
gold,8
bull,8
children,8
yet,8
deal,8
ok,8
crazi,8
lose,8
smith,8
expect,8
citi,8
right,8
olymp,8
noth,8
yeah,8
clyde,8
eastend,8
dnot,8
mind,8
won,8
differ,8
anoth,8
hair,8
suppos,8
bill,8
reason,8
wimbledon,8
let,8
around,8
street,8
tri,8
larri,8
coron,7
meet,7
t,7
r,7
stephen,7
understand,7
reform,7
drive,7
head,7
histori,7
enough,7
doubl,7
terribl,7
worst,7
rear,7
turn,7
common,7
bridg,7
lawrenc,7
bit,7
sick,7
govern,7
stai,7
week,7
rebel,7
remak,7
agre,7
stori,7
idk,7
let',7
dont,7
mp,7
mr,7
morn,7
burnham,7
nigga,7
probabl,7
nation,7
stanlei,7
height,7
fat,7
chang,7
state,7
wrath,7
pictur,7
curb,7
moment,7
heard,7
london,7
fair,7
west,7
ride,7
becom,7
duncan,7
hazel,7
home,7
short,7
polit,7
seem,7
defenc,7
cry,7
post,7
me.,7
darl,7
cnot,7
rocki,7
version,7
anyon,7
1,6
6,6
8,6
b,6
grai,6
elect,6
support,6
road,6
what',6
#bbctw,6
soup,6
must,6
derbi,6
saw,6
wizard,6
sit,6
second,6
suck,6
iain,6
10,6
50,6
anim,6
rule,6
pretti,6
name,6
hit,6
easi,6
they'r,6
episod,6
car,6
manchurian,6
ew,6
fa,6
2001,6
pm,6
less,6
w/,6
part,6
se,6
point,6
guess,6
build,6
wtf,6
scare,6
clockwork,6
alreadi,6
dream,6
blear,6
close,6
price,6
wolv,6
there',6
fall,6
blunkett,6
grape,6
queen,6
public,6
quit,6
tire,6
blame,6
alan,6
instead,6
odyssei,6
human,6
anyth,6
damn,6
might,6
cheri,5
event,5
v,5
took,5
countri,5
andrew,5
help,5
offic,5
mess,5
disc,5
drink,5
laundri,5
case,5
sat,5
remind,5
black,5
light,5
set,5
actor,5
worth,5
yvett,5
usual,5
felt,5
smh,5
fight,5
aaron,5
singer,5
sun,5
disgust,5
rush,5
clark,5
class,5
constitut,5
book,5
bnp,5
sign,5
box,5
enthusiasm,5
voic,5
#new,5
past,5
plan,5
vote,5
goe,5
sorri,5
colbert,5
'the,5
behind,5
wear,5
bui,5
sinc,5
orang,5
deep,5
possibl,5
done,5
oz,5
month,5
comment,5
wd,5
fuckin,5
brought,5
ur,5
st,5
finish,5
hand,5
sarah,5
kong,5
fan,5
club,5
dress,5
noon,5
problem,5
citizen,5
heartbreak,5
question,5
candid,5
blog,5
leader,5
blow,5
free,5
receiv,5
sale,5
wit,5
cours,5
betti,5
heart,5
eurovis,5
dure,5
rage,5
danger,5
platoon,5
taken,5
gotta,5
cricket,5
desert,5
race,5
dude,5
emmerdal,5
creat,5
fast,5
shoot,5
thank,5
wasabi,5
cooper,5
tast,5
interest,5
cook,5
sundai,5
english,5
radio,5
cold,5
match,5
write,5
least,5
british,5
arabia,5
hurt,5
rugbi,5
dna,5
lamb,5
shame,5
biko,5
market,5
kentucki,5
tootsi,5
biggest,4
p,4
drop,4
etern,4
jaw,4
rock,4
jon,4
laugh,4
suggest,4
beeni,4
earli,4
line,4
broken,4
town,4
media,4
funni,4
view,4
vinc,4
earlier,4
everyon,4
frankenstein,4
minist,4
level,4
doubt,4
seri,4
stuck,4
24,4
12,4
jeffrei,4
album,4
confer,4
white,4
offici,4
friend,4
bulli,4
matter,4
wast,4
anni,4
bitter,4
fridai,4
controversi,4
mutini,4
singl,4
raider,4
pee,4
team,4
ben,4
whole,4
pass,4
calgari,4
step,4
simon,4
pro,4
shadow,4
factual,4
travel,4
river,4
ff,4
deer,4
she',4
idea,4
ex,4
el,4
em,4
co,4
strictli,4
basketbal,4
b4,4
sack,4
buxton,4
product,4
account,4
we'r,4
ju,4
li,4
local,4
knew,4
godfath,4
philadelphia,4
decid,4
hmm,4
imagin,4
speak,4
ryder,4
jersei,4
whatev,4
appl,4
yr,4
secret,4
shatter,4
knock,4
databas,4
jazz,4
predict,4
luca,4
graduat,4
classic,4
lmao,4
social,4
almost,4
punch,4
excit,4
benedict,4
young,4
perform,4
mouth,4
scari,4
georg,4
els,4
realis,4
benefit,4
screw,4
especi,4
sorkin,4
again.,4
chinatown,4
gai,4
flight,4
volleybal,4
hibiscu,4
network,4
haha,4
happi,4
fun,4
abus,4
footbal,4
fix,4
channel,4
zuma,4
bank,4
tweet,4
holi,4
green,4
cuz,4
cameron,4
miranda,4
minut,4
vertigo,4
cool,4
swear,4
blair,4
cumberbatch,4
huge,4
leg,4
kane,4
phone,4
sens,4
ugh,4
lie,4
threat,4
slow,4
review,4
scot,4
sister,4
bercow,4
weird,4
true,4
list,4
stagecoach,4
simpli,4
silenc,4
kenneth,4
#marr,4
dare,4
daybreak,4
amaz,4
kind,4
murrai,4
epic,4
speaker,4
power,4
summer,4
zhivago,3
joke,3
0,3
red,3
hangov,3
galactica,3
manag,3
freak,3
health,3
#improudtosai,3
amadeu,3
mondai,3
valu,3
rip,3
graffiti,3
worker,3
obama,3
opposit,3
it.,3
soon,3
replac,3
giant,3
birth,3
horror,3
ashdown,3
rider,3
slightli,3
girlfriend,3
kei,3
heights.,3
societi,3
talkin,3
chez,3
chef,3
commun,3
denham,3
sky,3
colleg,3
knw,3
vile,3
crime,3
15,3
09,3
later,3
intrigu,3
#cricket,3
kong',3
60,3
blind,3
targets',3
director,3
comedi,3
access,3
ruin,3
warn,3
rubbish,3
ignor,3
parti,3
#flashforward,3
you'v,3
goodfella,3
highlight,3
bbc,3
teen,3
convinc,3
dixon,3
unless,3
stab,3
hip,3
bed,3
meant,3
dinner,3
discov,3
politician,3
sport,3
pic,3
nice,3
pop,3
prove,3
gavin,3
complet,3
movie.,3
gov,3
comedian,3
gang,3
govt,3
accus,3
longer,3
#skin,3
jump,3
user,3
2009,3
lord,3
2011,3
2010,3
maltes,3
air,3
de,3
presid,3
left,3
dr,3
beat,3
debt,3
ey,3
eh,3
yep,3
ago,3
hilari,3
dear,3
lena,3
aint,3
ami,3
aw,3
abc,3
stamped,3
forgotten,3
idiot,3
move,3
ll,3
delet,3
click,3
casablanca,3
la,3
spent,3
iv,3
aussi,3
serious,3
isnt,3
cling,3
decis,3
uk,3
yall,3
hall,3
half,3
pulp,3
re,3
four,3
includ,3
test,3
whether,3
midnight,3
page,3
arm,3
ark,3
form,3
#nta,3
tomorrow,3
practis,3
shop,3
fool,3
indemn,3
loeb,3
folk,3
noir,3
shitti,3
kenni,3
televis,3
guest,3
attica,3
fav,3
unforgiven,3
mail,3
appar,3
watchin,3
slogan,3
report,3
liber,3
fiction,3
doodl,3
forrest,3
#babybasherjai,3
januari,3
carolin,3
daili,3
etc,3
annoi,3
legal,3
didnt,3
non,3
consid,3
battlestar,3
shudder,3
mash,3
#random,3
indi,3
wow,3
vision,3
sundanc,3
greatest,3
hollywood,3
sherlock,3
argu,3
gavroch,3
onlin,3
england,3
area,3
releas,3
recal,3
stand,3
yanke,3
heath,3
protect,3
falcon,3
certainli,3
ashton,3
stick,3
forward,3
fallin,3
enda,3
paddi,3
bounti,3
fact,3
hack,3
woke,3
fallen,3
foreign,3
result,3
clip,3
dull,3
cowboi,3
union,3
sometim,3
100,3
byelect,3
secretari,3
wors,3
fly,3
program,3
allow,3
coffe,3
hors,3
#dubai,3
woken,3
video,3
cassidi,3
member,3
base,3
bash,3
dad,3
banter,3
prefer,3
basebal,3
calendar,3
thousand,3
improv,3
given,3
clean,3
honest,3
winter,3
polic,3
paniss,3
cont,3
utd,3
besid,3
cost,3
everytim,3
monkei,3
avoid,3
extra,3
posh,3
butch,3
season,3
choos,3
choke,3
mad,3
gump,3
shite,3
fiji',3
internet,3
surpris,3
disappoint,3
absolut,3
nobodi,3
'hit,3
gmtv,3
trend,3
leagu,3
student,3
attent,3
due,3
top,3
stacei,3
mum,3
muslim,3
chancellor,3
smell,3
budget,3
contest,3
dem,3
perhap,3
research,3
mix,3
alesha,3
shit.,3
univers,3
order,3
die,3
tho,3
origin,3
women,3
justic,3
jeg,2
ribbon,2
',2
told,2
answer,2
retarded.,2
regard,2
9,2
too.,2
e,2
toni,2
l,2
h,2
piti,2
rel,2
unrest,2
spam,2
mandi,2
espn,2
rat,2
amador,2
crudda,2
jone,2
menu,2
resign,2
joe,2
#bbcqt,2
melt,2
joan,2
network',2
rmt,2
spade,2
exampl,2
truli,2
divis,2
dish,2
hero,2
grin,2
develop,2
indian,2
time',2
amber,2
time!,2
itv,2
documentari,2
although,2
donkei,2
famou,2
years',2
cheat,2
patronis,2
system,2
press,2
soro,2
truth,2
trust,2
exactli,2
#randomtweet,2
wither,2
ion,2
cast,2
isi,2
is.,2
seven,2
investig,2
it!,2
cane,2
charli,2
sam,2
dandi,2
year',2
injuri,2
conchord,2
terrestri,2
anchor,2
nasti,2
fund,2
outsid,2
honestli,2
paper,2
full,2
unlik,2
check,2
searcher,2
attenborough,2
group,2
kwai/and,2
harass,2
visit,2
impress,2
#edl,2
#fm2011,2
2nd,2
sir,2
sunset,2
ken,2
roddick,2
german,2
agent,2
bastard,2
wake,2
fell,2
concern,2
lesson,2
programm,2
remov,2
son,2
favourit,2
where',2
hunter,2
design,2
facebook,2
childhood,2
bollock,2
everyth,2
worri,2
griffin,2
ultra,2
taught,2
should'v,2
soooo,2
born,2
flashforward,2
13,2
11,2
erect,2
fear,2
thai,2
stunt,2
ratchet,2
#emmerdal,2
80,2
properli,2
jst,2
revok,2
climat,2
5',2
beaten,2
ledger,2
recoveri,2
up/befor,2
#newsnight,2
david.,2
dian,2
wine,2
wing,2
brunch,2
90,2
ing/we'r,2
anywai,2
brand,2
custom,2
murder,2
thrown,2
figur,2
bone,2
boot,2
bright,2
oscar,2
anyways.,2
judgement,2
#backinthedai,2
urgh,2
discuss,2
propos,2
hat,2
offens,2
hbo,2
welsh,2
zac,2
depend,2
boo,2
hei,2
somehow,2
colomb,2
bridge/a,2
smile,2
bat,2
kept,2
pea,2
patton,2
ahah,2
type,2
plu,2
paul,2
kinda,2
rogen,2
quick,2
vacuum,2
bid,2
zip,2
domin,2
stuart,2
pin,2
vaizei,2
credits/that',2
yup,2
goin,2
#ge11,2
critic,2
complex,2
absent,2
dislik,2
crash,2
bloke,2
gon,2
economi,2
cat,2
announc,2
estou,2
interrupt,2
benn,2
pre,2
latest,2
bein,2
tongu,2
bra,2
eternity.,2
aqua,2
hobbl,2
block,2
and/or,2
ridicul,2
theme,2
gut,2
survei,2
mysteri,2
paint,2
gove,2
bieber,2
smack,2
1st,2
vicari,2
exist,2
tower,2
2008,2
aka,2
ghost,2
storm,2
breath,2
aim,2
doin,2
yea,2
licens,2
cause!,2
sucks.,2
associ,2
current,2
loos,2
normal,2
bu,2
situat,2
bo,2
dead,2
da,2
abbott,2
ct,2
depress,2
recommend,2
skeptic,2
crap,2
handl,2
draft,2
lol.,2
secur,2
ah,2
doom,2
abt,2
tuition,2
ol,2
untru,2
small,2
ikea,2
ma,2
mi,2
#odi,2
ne,2
earth,2
jean,2
we'v,2
reveal,2
spell,2
loud,2
low.,2
vanilla,2
loss,2
delai,2
agenda,2
down.,2
ill,2
spend,2
act,2
smart,2
cold!,2
bench,2
mandira,2
veteran,2
suburban,2
bizarr,2
load,2
climb,2
hardli,2
park,2
lookin,2
orphan,2
s4c,2
tt,2
hub,2
bathroom,2
u.,2
poorli,2
humili,2
shud,2
repeat,2
reach,2
implement,2
accord,2
pant,2
eleg,2
deliv,2
pr,2
present,2
harder,2
ship,2
pain,2
conchords.,2
forc,2
mayor,2
hur,2
now.,2
attack,2
pack,2
shot,2
shoe,2
except,2
cameron',2
fresh,2
ya,2
leed,2
roll,2
comic,2
sequel,2
baffl,2
touch,2
apolog,2
yesterdai,2
mention,2
nfl,2
broke,2
particularli,2
enjoi,2
competit,2
tough,2
room,2
otherwis,2
glee,2
takeov,2
main,2
sebastien,2
'we'll,2
rose,2
phil,2
scienc,2
note,2
prais,2
boyfriend,2
#uknew,2
penni,2
peerag,2
nelson,2
medicin,2
liter,2
cookbook,2
appli,2
noma,2
nimrod,2
nope,2
rate,2
frustrat,2
major,2
produc,2
nye,2
est,2
hide,2
richard,2
pregnant,2
everydai,2
oust,2
jail,2
admit,2
matt,2
admin,2
nut,2
mate,2
miseri,2
requir,2
forest,2
food',2
youth,2
email,2
hillari,2
pretend,2
chanc,2
slowli,2
fargo,2
g.e,2
troubl,2
drama.,2
random,2
vindic,2
keegan,2
mine,2
eng,2
mini,2
bloodi,2
beach,2
egg,2
skin,2
iditarod,2
loveless,2
mari,2
marr,2
known,2
japanes,2
thrash,2
chick,2
wanker,2
#lylunion,2
special,2
bleak,2
fred,2
clone,2
one',2
basement,2
number,2
jedward,2
endors,2
stake,2
wed,2
paula,2
intern,2
johnson,2
120,2
meester,2
former,2
throw,2
style,2
exclus,2
lemsip,2
five,2
stomach,2
court,2
here',2
import,2
here.,2
central,2
ring,2
prime,2
poster,2
cute,2
buck,2
count,2
neil,2
idol,2
champion,2
ucla,2
pleasur,2
coupl,2
clinton,2
dubai,2
found,2
recov,2
woop,2
bell',2
advic,2
face.,2
arrrg,2
ironi,2
minor,2
bruin,2
victim,2
nonsens,2
shiver,2
cunt,2
marri,2
size,2
definit,2
cup',2
fifa,2
dumb,2
reserv,2
fsa,2
frm,2
there.,2
chung,2
file,2
darling',2
vie,2
provid,2
evil,2
imdb,2
106,2
india,2
deserv,2
recess,2
fame,2
imam,2
stitch,2
word,2
innoc,2
clarke',2
'em,2
byelections.,2
recent,2
omg,2
before.,2
refer,2
bark,2
quot,2
#fb,2
bogart,2
wick,2
#stagecoach,2
kati,2
bang,2
hook,2
togeth,2
waterfront,2
apocalyps,2
fart,2
coat,2
complaint,2
law,2
photo,2
gypsi,2
respons,2
hold,2
shore,2
okai,2
titl,2
despit,2
vendom,2
master,2
alon,2
vancouv,2
defeat,2
street',2
copi,2
beset,2
e.t,2
theresa,2
lou,2
drunk,2
captain,2
ugli,2
margaret,2
south,2
coalit,2
hull,2
refus,2
cri,2
cabinet,2
woman',2
julia,2
potato,2
prepar,2
'ethical',2
goal,2
#egypt,2
self,2
modern,2
#drug,2
#justsai,2
prison,2
russia,2
lee,2
led,2
cha,2
cola,2
unconsci,2
sent,2
coke,2
blast,2
lib,2
pricei,2
lawn,2
600,2
ear,2
geez,2
berri,2
honesti,2
pledg,2
alexa,2
kevin,2
chelsea,2
lazi,2
ends!,2
studio,2
award,2
bishop,2
stress,2
learn,2
australia,2
mandela,2
men,2
mistak,2
ellen,2
whip,2
luv,2
charact,2
blair',2
counti,2
extern,2
kenton,2
physic,2
dvd,2
brown',2
wanna,2
credit,2
spill,2
tut,2
late,2
compar,2
away.,2
suspect,2
beauti,2
silver,2
section,2
featur,2
humor,2
moo,2
mom,2
floor,2
increas,2
spring,2
dnt,2
500/coca,2
tv.,2
kick,2
dtn,2
dark,2
desper,2
to.,2
nurs,2
dub,2
destroi,2
cent,2
lame,2
garfield,2
dang,2
tip,2
willi,2
thu,2
piano,2
alert,2
awkward,2
exit,2
record,2
canadian,2
lmfao,2
cross,2
campaign,2
den,2
min,2
struggl,2
spirit,2
woman,2
taco,2
neighbour,2
mlb,2
lack,2
share,2
crowd,2
justin,2
pretendin,1
,1
diff,1
astronaut,1
time.,1
jew,1
8219,1
manresa,1
farmer',1
#,1
day!,1
pierc,1
implod,1
heel,1
somebodi,1
newport,1
day',1
soundtrack,1
'daybreak',1
7,1
3pt,1
stadium,1
blower,1
lalloz,1
spea,1
rex,1
truck,1
greg,1
grei,1
27th,1
relief,1
transform,1
pierr,1
literaci,1
bangladesh,1
guard,1
],1
grew,1
econ,1
jacqu,1
pisa,1
cuntri,1
f,1
#cmonson,1
g,1
pujol,1
suffer,1
rectifi,1
librari,1
join,1
m,1
j,1
k,1
ambit,1
50p,1
w,1
policy!,1
ref,1
q,1
'it',1
rem,1
influenc,1
506th,1
y,1
britain,1
rep,1
twat.,1
tool,1
nightmar,1
final.,1
basil,1
#oooooookkkkai,1
shane',1
basic,1
motion,1
overtim,1
mafia,1
parachut,1
sensibl,1
mislead,1
speech,1
conservatives!,1
hell.,1
spaf,1
column,1
barber,1
people.,1
twix,1
grayson,1
hacker,1
partak,1
twin,1
andrea,1
555,1
dictat,1
torr,1
concerto,1
peach,1
homosexu,1
loser,casualti,1
ran,1
brows,1
cycl,1
roster,1
obviou,1
hmm.,1
borden,1
complaint.,1
volleyball.,1
element,1
categori,1
spanish,1
rom,1
kiss.fm,1
ment,1
ultraviol,1
mozart',1
knew?,1
rob,1
films.,1
#fml,1
jock,1
horrors.,1
todd,1
upon,1
office.it,1
2164,1
todi,1
iphon,1
express,1
meme,1
hmmm,1
easili,1
poderia,1
cab.,1
surprisingli,1
penalti,1
esteem.,1
sleepi,1
scary/crime/drama/scaryagain,1
fredo,1
life.,1
palett,1
helm,1
two!,1
#casablanca,1
toff,1
keith,1
rme,1
freez,1
century.,1
tofu,1
prai,1
flung,1
3km,1
eight,1
spain,1
chambersburg,1
dammm,1
t.e,1
weston,1
writer,1
ha,sur,1
joint,1
grapes!,1
what?,1
1850,1
sellouts.,1
jacob,1
violenc,1
finger,1
#fix,1
dback,1
500,1
damn.,1
economist,1
apallingli,1
#youguv,1
disq,1
violent,1
criticis,1
whinger,1
#sadspecimen,1
labour.,1
grip,1
ragedi,1
labour',1
grim,1
lavern,1
sight,1
emmerson,1
nmore,1
drum,1
limited.,1
valv,1
trippin,1
bowman,1
her.,1
purdi,1
offer,1
angela,1
fought,1
needlessli,1
appeas,1
candidate.,1
sotu,1
clinic,1
deriv,1
strathclyd,1
team?,1
thirti,1
akward,1
horribl,1
candidate',1
halloween,1
'american,1
arena,1
hmsa,1
pier,1
throat,1
underneath,1
chear,1
factual/mus,1
horrid,1
#espionag,1
soul,1
piec,1
prev,1
'sex',1
disabl,1
prem,1
iti,1
#par,1
tournament,1
sort,1
lieu,1
minimum,1
chuffin',1
racehors,1
#conserv,1
#bwfc,1
iron,1
#saveema,1
recipes!,1
contrari,1
initi,1
#seinfeldjok,1
perri,1
reich,1
bean:p,1
printer,1
worse!,1
'anim,1
retriev,1
lake.,1
insult,1
unfocus,1
violent.,1
#coolstorybro,1
cartoon,1
scientist,1
thump,1
bowler,1
samei,1
#polit,1
#tcot,1
alas.,1
card,1
marshal,1
partern,1
mute,1
rawsthorn,1
prix,1
railwai,1
bummer,1
rideau,1
spare,1
imperson,1
rumor,1
tourist,1
'wartim,1
freaki,1
stimulus',1
though.,1
cash,1
prosecut,1
hisself,1
#itsnotaboutm,1
stay/but,1
tessa,1
xvid,1
femal,1
attempt,1
9/10,1
'seriou,1
#archer,1
netflix,1
merci,1
ish,1
softli,1
lecter/amadeu,1
armorin,1
practice?,1
commentari,1
sooo,1
cornish,1
libdem,1
gloomi,1
sever,1
deregul,1
irb,1
is?,1
news.on,1
headquart,1
#waterworld,1
#postman,1
feather,1
oligarch,1
whaaaat,1
jesu,1
draw,1
camo,1
solo,1
impli,1
morgan,1
slept,1
pink,1
sold,1
#stupidfuckingtelevisionshow,1
stalin,1
whyyyyi,1
vertigo.,1
sax,1
fukk,1
toss,1
'big,1
everywher,1
spice,1
year?,1
cd's.,1
smirked.,1
revers,1
vocally.,1
prob,1
ordernya,1
hacking',1
prop,1
verbal,1
poststh,1
year.,1
#overr,1
laura,1
disqualifi,1
remark,1
#marrakesh,1
police.,1
contrast,1
beebi,1
mitchell',1
javin,1
cigarett,1
coordin,1
soho,1
joy.,1
#taylorgang,1
blair,georg,1
'wuther,1
cheek,1
#1957297,1
#takemeout,1
pursu,1
habit?,1
vanessa,1
chop,1
ugliest,1
golden,1
calm,1
hyper,1
heston',1
slow.,1
chef',1
resourc,1
parker,1
wierd,1
raymond,1
'fear,1
femin,1
fun!,1
corps,1
carlisl,1
4.5hr,1
chri,1
came,1
teach,1
simon.,1
wrote:,1
target,1
twat,1
centuri,1
madre.,1
ambul,1
riddl,1
errr,1
denzel,1
kim,1
lynn,1
nive,1
began,1
kip,1
kit,1
#itfc,1
36/kilo.,1
tilei,1
titan,1
soap,1
lemonade.,1
pillow,1
toooo,1
ocean,1
visser,1
unwitti,1
irritating.,1
lawsuit,1
somerset,1
wage,1
heights',1
#thank,1
skirt,1
rihanna,1
#eck,1
touchin,1
smith',1
bagshaw,1
'blood,1
sip,1
sin,1
background,1
michel,1
'amadeus',1
thru,1
genius.,1
zombi,1
godfather.,1
frank.,1
brilliantli,1
jwow,1
herbert.clarke',1
#wikileak,1
last.,1
decemb,1
#teamwtf,1
singer.,1
cherie',1
liverpool,1
'',1
kfc,1
#fail,1
#sarcasm,1
bodi,1
kelowna,1
angl,1
wall,1
age.,1
sex,1
#golfweatherwear,1
monarch,1
culinari,1
kashmir,1
erod,1
thatcher,1
instal,1
sea,1
audit,1
31st,1
thse,1
few.,1
sen,1
#school,1
razzmound.,1
william,1
sexi,1
rusedski,1
nine,1
frosti,1
weekend,1
themselv,1
masquerad,1
church,1
subscrib,1
counteract,1
motorcyclist,1
erin,1
that:watch,1
russian,1
strain/strain,1
thee,1
sob,1
likely.,1
agenc,1
'a,1
lives.,1
spectacular,1
#eurovis,1
subject,1
wind',1
sheridan,1
retent,1
hannib,1
barri,1
report.com,1
#britcomaward,1
hotter,1
unneccessari,1
failur,1
stern,1
it'd,1
interview,1
channel.,1
#lahor,1
'i,1
streisand,1
snub,1
slp,1
amis.,1
seth,1
ullshit,1
outburst,1
1750,1
escort,1
mother,1
pills!,1
squillac,1
debat,1
srsly,1
fenc,1
fend,1
tennis!,1
activ,1
passeng,1
steve,1
syndrom,1
baron,1
serv,1
cabinmet,1
anybodi,1
loon.,1
gov't.,1
skywalker',1
awak,1
bazooka,1
bright!,1
wrote,1
36,1
#dc,1
desir,1
brais,1
#cantfuckingsleepsi,1
dumbass,1
deach,1
backfoot,1
brain,1
dancer,1
anti,1
monster,1
ok,mi,1
25,1
feck,1
27,1
28,1
30,1
widauer,1
reality?,1
dunno,1
wive,1
#posit,1
slovakian,1
way.,1
18,1
northwest,1
14,1
insurgent.,1
way!,1
mostli,1
aflutt,1
sunglass,1
2',1
assum,1
business.,1
04,1
fault,1
brrrrrrrr!,1
03,1
revis,1
#notvdai,1
bollywood,1
freeman,1
abort,1
detail,1
tertiari,1
dearli,1
reli,1
deadlin,1
creepier,1
afua,1
airborn,1
hall.,1
haylei,1
girl.,1
fruit,1
household,1
squared.,1
ketchup.,1
#dinnerdream,1
surnam,1
late.,1
doll?,1
#esc,1
racer,1
70,1
beckett',1
#suspiciousincid,1
3am,1
ruth,1
renov,1
accent,1
late!,1
bride,1
4m,1
goood,1
rein,1
ethnic,1
organis,1
punish,1
altogeth,1
chiltern,1
vuvuzela,1
sausag,1
reid,1
articl,1
grow,1
cleavi,1
claim,1
happened.,1
kground,1
tae,1
accept,1
tag,1
vista',1
cuckoo,1
eastwood,1
david',1
confin,1
epic?,1
camel,1
dcfs!,1
blockbust,1
bras.,1
apprentic,1
crispi,1
kat,1
deal.,1
tbf,1
compens,1
tbe,1
#prix,1
boil,1
soldier,1
parliament,1
shrine,1
winn,1
would'v,1
tch,1
coconut,1
america,1
engin,1
other',1
tinker,1
grandkid,1
length,1
hur/listen,1
sparingli,1
tremlett,1
#5live,1
#radio4,1
crawford',1
should.if,1
bug23,1
incompetent.,1
stuf,1
nationalis,1
claimant.,1
ideolog,1
renew,1
anot,1
cripe,1
dealership,1
#xfactor,1
twice.,1
shootout,1
world',1
depressingli,1
psych,1
world.,1
facelift,1
joker,1
treasur,1
eddi,1
#verysad,1
bomb,1
wave,1
unhealthi,1
rest,1
disguis,1
scary.,1
hathaway',1
warm,1
engel,1
wari,1
lads?,1
meat,1
dick,1
secretary',1
torture.,1
africa,1
meal,1
dealt,1
cultur,1
cuomo,1
entri,1
'giant',1
booz,1
seer.,1
#alinea',1
a.m,1
sexism,1
16/17,1
vista,1
anno,1
brennan,1
schools.,1
wrongli,1
sian,1
goggl,1
336,1
spoke,1
colour,1
roommat,1
quentin,1
mcluhan,1
arabia.,1
project,1
aspect,1
loathsom,1
sanderson,1
entir,1
bitten,1
payrol,1
watagatapitusberri,1
smoke.,1
ouse.,1
scandal,1
rival,1
jason,1
ha.,1
chops.,1
goodby,1
ha!,1
efron,1
hmmmmmm.,1
'peopl,1
mortlock,1
#nowwatchin,1
stir,1
messag,1
music',1
stress!,1
hungri,1
spong,1
salari,1
drown,1
#sadbuttru,1
invest,1
today.nina,1
parri,1
ahhh,1
already!,1
mauser,1
lady.,1
kurt,1
#worldcup,1
sputnik,1
hc.,1
spritzer,1
planet,1
stewart,1
heartattack,1
st0nec0ld78,1
#imjustsayin,1
crack,1
policy,spend,1
seventh,1
graduate.,1
utter,1
leman,1
eagl,1
offenc,1
gotten,1
offend,1
haz,1
bmw,1
sigh,1
back.,1
knowledg,1
#film2350,1
back?,1
pad,1
xxxx,1
pal,1
crumbs.,1
neither,1
majorli,1
bounty.,1
boringgggg,1
viewer,1
energi,1
nasa,1
harbor,1
zhivago.,1
sherri,1
heh,1
salvat,1
#nevertrust,1
lobbi,1
icki,1
160k,1
assault,1
blown,1
sulking.,1
degener,1
zoe,1
#thesocialnetwork,1
bag,1
career,1
sittn,1
anymor,1
cable.,1
#auspol,1
#star,1
googl,1
change.,1
proof,1
wtf?,1
mortaza,1
hospit,1
bbciplayer.,1
cruel,1
gossip,1
www.virtualgranny.com,1
butt,1
be.,1
www.designingchris.com,1
husband',1
#ontothenext,1
potenti,1
#weird,1
pen,1
galleri,1
focu,1
financi,1
kane.,1
pay!,1
tougher,1
magistr,1
klang,1
conrad,1
austrian,1
tear,1
hogan,1
#psycho,1
unruli,1
gavyn,1
extrem,1
beg,1
tribun,1
miser,1
bep,1
bem,1
everynight,1
tortur,1
pm.,1
6:30,1
bet,1
owner,1
christian,1
polynesian,1
prostitute.,1
roger,1
pathet,1
signatur,1
goodi,1
impolit,1
you?,1
rewiredst,1
east,1
zim,1
#beirut,1
#canada,1
great.,1
keli,1
cheezburg,1
stew,1
hoarder,1
metairi,1
taoiseach,1
hahaha,1
glimps,1
pig,1
west!,1
dwon,1
homeee,1
dgp',1
doppler,1
berg,1
vosg,1
bet',1
expir,1
giveawai,1
goji,1
sprewel,1
#toodorkyforfacebook,1
bootycal,1
'ye,1
badger,1
colonel,1
macaroni,1
fajita,1
awwwww,1
percept,1
'comedy',1
whore,1
electron,1
kardashian,1
caramel!,1
burrrr,1
#ocampo7th,1
thorn,1
award!,1
bangladesh',1
alexander',1
gave,1
reckless,1
hopefulli,1
hype,1
weeknd/,1
twitit,1
manipul,1
percent,1
bust,1
#nowumad,1
moon.,1
tactic,1
megamind,1
boardwalk,1
busi,1
bush,1
closest,1
hilli,1
days.,1
disinterest,1
meaningless,1
aaaaahhhhhhhh,1
#blackmonei,1
gop',1
pud,1
golfer,1
gq.,1
#war,1
victory!,1
burn,1
hellman,1
#iwannaslap,1
maaad!,1
pra,1
mainli,1
ooop,1
good'un.,1
dose,1
cab,1
objector,1
expos,1
#thegam,1
mytholog,1
tonight',1
internationally,,1
awaits!,1
receptionist,1
regret,1
dedic,1
diesel,1
#northampton,1
anythink,1
stealer,1
#iwanttotalkaboutalloftheth,1
sierra,1
somewhat,1
then!,1
beyond,1
critcis,1
then.,1
surviv,1
hypocrit,1
#hollyoak,1
#sotru,1
woodwork,1
somethign,1
town.,1
vodka,1
usa.,1
surfac,1
lotto,1
alcohol,1
apparently!,1
'arrogance',1
bsf,1
lemon,1
simmer,1
unhappy.,1
enthusiasm?,1
legaci,1
'progressive',1
living.,1
suddenli,1
kutcher,1
twice,1
friendli,1
enthusiasm.,1
#alinea,1
specul,1
fifth,1
troublesom,1
romantic,1
btw,1
then?,1
gun,1
city',1
bun,1
bender,1
bud,1
backstreet,1
game!,1
kelli,1
beef,1
juli,1
curri,1
bottl,1
taxpayers.,1
ohmygodohmygodohmygod,1
gandhi,1
hamm',1
gow3,1
alaska,1
bedi,1
#nexttwi,1
ooft,1
h/shot,1
pocketdoppler.com,1
stretch,1
quirk,1
introduct,1
douchebag,1
masterchef.,1
wolves.,1
opinions!,1
boredom,1
north,1
eject,1
kunstler,1
same.juli,1
stalker,1
masterchef?,1
sudoku,1
asshol,1
presidenti,1
resort,1
autumnwatch,1
dumber,1
off.,1
begin,1
firstmalaysia,1
rivet,1
chancellor,,1
auction,1
2/3,1
dumb!,1
antichrist,1
custard,1
store,1
2005,1
2003,1
bullshit,1
entertain,1
hilarious.,1
project?,1
vajayjai,1
fm,1
wallac,1
deem,1
2012,1
virgin,1
sail,1
instant,1
bed.,1
fp,1
superfood,1
200,1
wars.,1
mood,1
pasta,1
gage,1
coulson,1
politico,1
upholsteri,1
dinosaur,1
aip,1
du,1
respectively.,1
servant,1
instructor!,1
cuts.,1
faster,1
domain,1
sheep,1
favour,1
[pic],1
220,1
safe,1
eu,1
ev,1
allegi,1
paper.,1
shout?,1
fe,1
shad,1
sleeeeeep.,1
satisfi,1
et,1
jewelri,1
er,1
lego,1
cuts?,1
futurama,1
easier.,1
ca,1
d:,1
henrietta,1
dock,1
osborn,1
bn,1
bk,1
bc,1
d',1
holidai,1
'twa,1
prescott,1
cu,1
ck,1
semifreddo,1
ifi,1
cg,1
dandy.,1
cc,1
collect,1
ifa,1
ways.,1
macmurrai,1
potluck,1
gestapo,1
#wrp,1
loko,1
cappuccino,1
#humanplanet,1
mogo,1
baton,1
snitch,1
ali,1
cocki,1
az,1
ay,1
metro,1
cruelti,1
ala,1
badli,1
behind.,1
accompani,1
sponsor,1
ax,1
etiquett,1
av,1
au,1
trophi,1
urban,1
al,1
genuin,1
judg,1
#privacy.],1
dodg,1
ap,1
michael,1
gigant,1
approach,1
manner,1
[rss],1
ag,1
sad.,1
forget,1
yah,1
af,1
yai,1
growth,1
irvin,1
memori,1
complete.,1
np,1
naturalnews.tv,1
nz,1
mous,1
epsom,1
oc,1
expect.,1
deni,1
knob,1
os,1
amen!,1
#wbn,1
ov,1
op,1
laughabl,1
board,1
commend,1
discharg,1
procedur,1
pity.,1
threaten,1
anal.,1
attitud,1
dryer,1
lights!,1
pc,1
#comedinewithm,1
trooper,1
demi,1
proquip,1
squeez,1
producers.,1
crew,1
jennif,1
suckin,1
retri,1
'will,1
amateur.,1
drice,1
#armi,1
na,1
nd,1
nh,1
eugh!w,1
imo,1
gaat,1
john',1
rubbin,1
deadliest,1
find/and,1
suspici,1
notic,1
necessari,1
afl,1
relief.,1
inc,1
graffiti',1
train,1
lotr,1
scream,1
ky,1
environ,1
mose,1
interrog,1
lujan,1
2:00,1
hr,1
#controlorderslit,1
hv,1
moor,1
wiper,1
drift,1
ho,1
blvd,1
diamond,1
crawford,1
pompou,1
in2,1
k.o,1
twenti,1
electorate.,1
ii,1
dolc,1
devil,1
ip,1
squeak,1
america?,1
theori,1
w/out,1
reliv,1
mayneee,1
strang,1
winner,1
z3,1
kasumi,1
spot,1
c'mon,1
gomna,1
y?,1
clint,1
hangout,1
wuuuuut,1
knee,1
xd,1
gauss',1
week',1
wr,1
wt,1
grace,1
barefoot.,1
draining:,1
arrrgggghhhhhh,1
hop,1
readi,1
dese,1
axi,1
obsoletes.cut,1
vs,1
plot,1
mercifulli,1
chestnut,1
aww,1
undercov,1
crimin,1
republ,1
boredom.,1
millionar,1
flashback,1
infomerci,1
pari,1
fundament,1
retir,1
un,1
ty,1
lewi,1
songs?,1
#nickcleggshameony,1
tw,1
weapon,1
keen,1
#usvi,1
slice,1
plod,1
afford,1
[tear],1
ts,1
huh,1
relev,1
tp,1
cancel,1
round,1
td,1
overr,1
increasingli,1
ti,1
amount,1
idioci,1
prerequisit,1
tb,1
sl,1
u2,1
jonathan,1
sleepy.,1
sf,1
sh,1
continu,1
si,1
killer,1
reduct,1
reunion,1
someone.,1
liberti,1
rp,1
paymast,1
trade,1
signal,1
birthdai,1
shut,1
puke,1
plain,1
documentary.,1
foul,1
racist,1
track,1
usda',1
hama,1
fucker,1
hockei,1
conspiraci,1
theater',1
frickin,1
read.,1
#databas,1
grader,1
rm15,1
romeo,1
exorc,1
insist,1
guardian,1
nugget,1
oper,1
solitair,1
balls',1
relat,1
sushi.,1
brutal,1
presenc,1
fork,1
loss,job,1
#oscarwatch,1
arr,1
art,1
iranian,1
heartless,1
270,1
yawn,1
warfar,1
version.,1
ash,1
lauren,1
turpin,1
viewpoint,1
gimp,1
pair,1
expenditur,1
issu,1
paid,1
c4',1
death.,1
forg,1
fore,1
logo,1
mock,1
pyramid,1
now!,1
3dtv,1
8th,1
ahhhh,1
outbreak,1
delux,1
attach,1
#ilovescotland,1
politicshom,1
pace,1
lodg,1
foot,1
infer,1
errrm,1
kids.,1
backstag,1
cry?,1
xxxxxx,1
pls.,1
inteiro,1
moan,1
geordi,1
nathan',1
orange.,1
'you'r,1
kwai,1
decriminalis,1
contain,1
coulsen,1
yari,1
reject,1
brother',1
ebai,1
orange',1
fond,1
rightli,1
atp,1
porno,1
#respect,1
errrrhhhh,1
error,1
merced,1
lock,1
#stayfocus,1
term,1
#canuck,1
mental,1
shiet.,1
strategi,1
nearli,1
disappear,1
shld,1
jester,1
awesom,1
doesnt,1
memor,1
bitch!,1
business/tv,1
herman',1
gloria,1
role,1
malema,1
comin,1
luxuri,1
bought,1
nhl,1
fee,1
#theweedisgoodthough,1
yet.,1
ouch,1
neo,1
commerci,1
net,1
bulli',1
americans',1
emmancip,1
keen.,1
recesss,1
dishearten,1
fantast,1
kk.i'm,1
trial,1
border.,1
tragic,1
'jealous',1
looool,1
fantasi,1
aggress,1
excel,1
gibsland.,1
unabl,1
brazil,1
next?,1
minister',1
miliband,1
#dadjok,1
ballet,1
percentag,1
quatar,1
colleagu,1
hunter?,1
fbi,1
#beauti,1
airport.but,1
surgeri,1
left!,1
yeux,1
luck,1
extremeist,1
duck!lapeee,1
[uk,1
ajar,1
fal,1
fodder,1
abcnew,1
materi,1
often,1
luci,1
obscur,1
utrh,1
leap,1
kwon,1
'fail,1
#satir,1
romp,1
indoor,1
nao,1
nap,1
occasion,1
frozen,1
nag,1
nah,1
waterloo,1
pasquale',1
fda,1
#music,1
chavez,1
displai,1
quintess,1
empor,1
blvd.,1
shambol,1
family.i,1
splurg,1
nba,1
seinfeld,1
politics],1
not!,1
dockland,1
thinkn,1
nerdiest,1
marpl,1
obvious,1
proclamation?,1
daisi,1
nomin,1
shrunk,1
'catfish',1
#vanessawhitburn,1
hill,1
nomine,1
rosi,1
#hors,1
dairi,1
rescu,1
inappropriate.,1
#nowmarathon,1
ould,1
#pcbrigad,1
courag,1
working?,1
him.,1
franklin,1
voter,1
banker,1
him?,1
#classicmovielin,1
triumphant,1
arboh,1
squash,1
gestur,1
rape,1
privat,1
faith,1
libbi,1
fourth,1
clue,1
nosi,1
omin,1
maroc,1
999,1
thingi,1
#hous,1
seriously!,1
abroad.,1
beast,1
rare,1
proceed,1
action,1
none,1
howev,1
tumbl,1
countless,1
barbara,1
wants.,1
whahhah,1
evening.,1
overshadow,1
mach,1
bdai,1
ishikawa,1
greatness.,1
#melidenbigfail,1
xai,1
heathcliff',1
dickinson,1
ewww,1
scalp,1
superhero,1
unfollow,1
row.,1
omfg,1
scottish,1
insomniac,1
10.14am,1
bullax,1
cereal,1
momma,1
phne,1
roug,1
dronedaron,1
treatment,1
uefa,1
nyc,1
catastroph,1
may.,1
logic,r,1
nxt,1
wnot,1
chicken.,1
it'll,1
may',1
mclaughlin,1
pissin,1
ctid,1
multipl,1
sacrileg,1
liabil,1
peeep,1
cutter.,1
broader,1
eva,1
evo,1
[facebook,1
23:47,1
written,1
denver,1
coronat,1
stereotyp,1
celeb,1
singalong,1
really?,1
math,1
charl,1
marlow,1
koch,1
painfulllll,1
charg,1
garden,1
progress,1
#berlin,1
glue,1
playgroup,1
germani,1
9month,1
family.,1
who'v,1
champ,1
dutch,1
1950',1
glitter,1
'factual,1
nta,1
stampede?,1
bobbi,1
programmes'.,1
platoon.,1
wenger,1
emili,1
huston,1
valid,1
powerplai,1
pronto,1
dirti,1
advertisements?,1
consum,1
chile,1
multipli,1
mayo,1
fair',1
clariti,1
billy!,1
chill,1
ballerina,1
effect,1
ninja,1
err,1
reduc,1
magnet,1
stare,1
/one/,1
info,1
entireti,1
npr,1
0.1,1
npv,1
milk,1
drama!,1
mile,1
nob,1
noh,1
en.,1
#dschungelcamp,1
blinder,1
teeth,1
parliament.,1
stars?,1
gritti,1
ema,1
#lpac11,1
#win100,1
highschool,1
#gmtv,1
tried.,1
properly',1
eastenders,tak,1
watcher,1
smother,1
spoiler,1
plmgss,1
dramat,1
man',1
male,1
minu,1
no.,1
man!,1
punya,1
minnesota.,1
fascin,1
snooki,1
11:30pm,1
#climat,1
slate,1
mask,1
skip,1
#abparti,1
colbert?,1
killers.,1
ouvr,1
suss.,1
realiz,1
landrut,1
fmllll,1
libertarian,1
samsung,1
programming?,1
'dri,1
chevrolet,1
pmqt,1
inan,1
goal?,1
#book,1
#youknowhat,1
slave,1
roll.,1
turkei,1
inde,1
guy.,1
wor,1
middl,1
guy?,1
jani,1
father.',1
parget,1
nig,1
jame,1
sick.,1
egypt,1
shakespear,1
#shame,1
acknowledg,1
chide,1
miso,1
fat.i,1
know.,1
total,1
battlefield,1
14a,1
mountain,1
ogr,1
fish,1
higher,1
innerpartysystem/alt,1
search,1
am,i,1
walao,1
parent,1
git,1
film.,1
one.,1
smoke,1
bush,condoleezza,dick,1
died.tt,1
fist,1
vino!,1
gig,1
dumbest,1
corleon,1
carrot,1
chuck,1
oil,1
hispan,1
growling/bark,1
wen,1
sand,1
russel,1
chocolates.,1
wee,1
questionable.,1
operson,1
forgiven,1
o'clock,1
fire,1
ddnot,1
#jerseyshor,1
snowstorm,1
argh,1
koolaid,1
mike,1
jizz,1
side.,1
slight,1
#mba,1
opinion,1
depriv,1
menu.,1
#kindl,1
#cpac11,1
citihom,1
of.,1
propagandist,1
postag,1
pgcp,1
shoulda,1
wiggen',1
cough,1
carrol,1
wfp,1
near,1
audienc,1
stalk,1
odd,1
neal,1
sake,1
exclud,1
libraries/,1
wiv,1
wonka,1
poni,1
wrong!,1
wiz,1
130,1
thin.,1
flick,1
stamp,1
wig,1
fraction,1
massiv,1
said!,1
minaj,1
roast,1
amnesia,1
whr,1
#gluttonyisamortalsin,1
chapman,1
taliban,1
decay',1
tanker,1
scarfac,1
nightmare.',1
giggl,1
filibust,1
#examsinsight,1
dunn,1
#mailonlin,1
screen,1
gag,1
carwash,1
katherin,1
islam,1
hofer,1
yawn.,1
pension,1
anyway?,1
creation,1
shearer,1
indiana,1
lucker,1
ficar,1
classic?,1
cuti,1
#herewegoagain,1
fallon,1
service?,1
oap,1
tunic,1
dollar,1
administr,1
dizzl,1
dizzi,1
pressur,1
ariz,1
healthi,1
cetera.,1
registr,1
hopkin,1
hormon,1
'sink,1
wikipedia,1
imposs,1
save,1
sooooooooo,1
coudoroy',1
health?,1
windswept,1
#eyeballshot,1
multaq,1
buffet,1
altern,1
'technology',1
nigthmar,1
annum,1
baggi,1
gunna,1
sauc,1
lovechild,1
comparison,1
opportun,1
statement,1
pizza,1
had/for,1
#propertyladd,1
shitty.,1
armi,1
wan,1
#thefuck?,1
chacha,1
armstrong,1
wat,1
risk,1
w/my,1
driven,1
rise,1
sublim,1
whitehal,1
#missrocklaura,1
poverty',1
humphrei,1
lovin',1
domscheit,1
stress:so,1
susan,1
belmont,1
illeg,1
frnt,1
#784,1
lives.but,1
bluejai,1
mason,1
knick,1
nanci,1
outfield,1
oxo,1
yoda,1
rifl,1
hagu,1
oz.,1
evan,1
wondering!,1
condoms.,1
kitchen,1
professor!,1
wont,1
prick,1
#byelections.,1
webster,1
tactfully.,1
tears.,1
new.,1
uk:politics:lib,1
breakfast,1
zitten,1
art',1
caught,1
gideon,1
face!,1
belli,1
invit,1
intervent,1
geniu,1
ginger,1
rakyat,1
familiar,1
100,000,1
integr,1
muddl,1
dreamt,1
inner,1
comin!,1
#lol,1
allen,1
nerd,1
waitros,1
weather.going,going,gon,1
#nothingshortofelegant.,1
facts.,1
rouge!,1
angel,1
inform,1
apprx,1
hirsch,1
anger,1
cup!,1
blacklist,1
bernardin,1
magazin,1
imit,1
raid,1
dump,1
tube,1
mins?,1
knight,1
'african,1
mins!,1
shamelessli,1
frike,1
shopper,1
#immelt,1
pauciti,1
kurang,1
ryan,1
nest,1
inver,1
fantasia',1
rhodes!,1
grandpar,1
rewatch,1
kellei,1
still.,1
fileshar,1
harvest,1
fox,1
exsist,1
19th,1
languag,1
geweldig,1
cover,1
1.5,1
list.,1
vin,1
disgrac,1
#honestthought,1
sayin,1
stirl,1
1.4,1
vid,1
marathon,1
journalist,1
jenni,1
glad,1
espnth,1
madera,1
evid,1
ooh,1
contempt,1
fiji,1
ooc,1
hunger,1
mind.,1
referendum,1
guilti,1
strangelov,1
angri,1
oop,1
rerun,1
'threaten,1
#breastfeedingstrangerz,1
modesti,1
fml,1
miner,1
/xoxo,1
telephon,1
103,1
fake,1
innov,1
102,1
utterli,1
#onthephon,1
stay,pl,1
archers.,1
clearli,1
groceri,1
fog,1
1/3,1
mindf,1
distract,1
sector,1
parliamentari,1
grant,1
icky.,1
intellig,1
promis,1
disband,1
on.,1
a.k.a,1
actually.,1
asap,1
substanc,1
clueless,1
grand,1
worm,1
fli,1
worn,1
letter,1
compani,1
#weirdliteratur,1
global,1
downtownorl,1
#fridayfunni,1
please?,1
lahor,1
fo',1
brush,1
rapidli,1
outdat,1
intention,1
banshee',1
luke,1
endeavour,1
#bootycal,1
flame,1
fit,1
trashed.,1
woodi,1
york,1
tryin,1
perfect,1
loathesom,1
fine,1
madiba',1
cherri,1
profit,1
rick,1
fill,1
particip,1
clad,1
juras,1
far.,1
susanna,1
90',1
cinema,1
mitchel,1
you.,1
inspir,1
plagiar,1
creami,1
deficiet,1
qualif,1
muppet,1
tampin,1
calderon,1
suitabl,1
#ff,1
creatur,1
panti,1
horn,1
mugaritz,1
float,1
#fuckingawfuldai,1
baro,1
techniques.,1
manning',1
bard,1
host,1
#ausveng,1
mansion,1
poetic,1
tint,1
#ec,1
kayo,1
wide,1
win2000,1
avatar,1
tini,1
vdai,1
panick,1
pocket,1
shtick,1
tina,1
bite,1
vandal,1
pesticid,1
fave,1
depart,1
sawyer,1
butcher,1
sculptur,1
mixtur,1
dimblebi,1
woefulli,1
how',1
olympics.,1
#sotu,1
society',1
#print,1
beverlei,1
dayyum,1
#ge,1
till,1
bloddi,1
bird,1
sinuses.,1
hove,1
pple,1
dbc,1
all.,1
ditch,1
hissi,1
daniel?right,1
bane,1
cock,1
#redbul,1
misguid,1
appropriate?,1
perfect.,1
nowher,1
awwwwwww,1
hool,1
hollowai,1
carol,1
cream,1
dat,1
results?,1
'private',1
dan,1
codi,1
basis.,1
#speaker,1
van,1
that.,1
ppl!,1
europ,1
lad,1
farm,1
author,1
carr',1
lah,1
lightn,1
tale,1
bar.,1
sheen',1
interference.,1
talm,1
10mb,1
bestfriend,1
michelin,1
zipper,1
restaur,1
cum,1
tweep,1
genet,1
shameless,1
#nw,1
hitchcock,1
cambridg,1
sixth,1
hoje,1
thrills/terror,1
crippl,1
disagre,1
creep,1
remington,1
#aclockworkorang,1
jibe,1
eyelash,1
virtual,1
accident,1
rebeless,1
frite,1
tape,1
#debtdeni,1
clear,1
quiz,1
remarks.,1
thang,1
figaro,1
hole,1
fsu',1
hop',1
alot,1
topless,1
frequent,1
pupil,1
hostil,1
ditch!,1
mentals!,1
#derreraid,1
injur,1
ukip/bnp,1
deput,1
vets',1
#outtahand,1
snap,1
marriag,1
defect,1
pfft,1
reassur,1
unserstand,1
empire.,1
request,1
satan!,1
argument,1
matur,1
'one,1
assist,1
viagra,1
condemn,1
noon.,1
inkpop',1
strong,1
flood,1
liver,1
sure.,1
trailer,1
preeeettti,1
hundr,1
newsweek,1
livid,1
#uk,1
shove,1
xxxxx,1
#cricketau,1
#tv,1
thirsty.,1
wilson,1
front!,1
'old,1
horsei,1
depict,1
wholeheartedli,1
front.,1
#meangirl,1
dentist,1
front?,1
show.,1
wife,1
tasteless?,1
chocol,1
yellow,1
crappy#fact,1
hung,1
defens,1
#toopredict,1
seat,1
yohanna,1
egyptolog,1
leigh,1
superfak,1
#dialton,1
log,1
cardle',1
educational.,1
oympic,1
fairer,1
low,1
christin,1
bad.,1
arbuthnot,1
sian.,1
arizona,1
bad?,1
ust,1
acur,1
holder,1
ambridg,1
cosmic,1
coleman',1
badd,1
despicable.,1
#blackandyellow,1
week.i,1
quai,1
quak,1
actress,1
#sheridan,1
#rip,1
crumpet,1
defend,1
yorkshir,1
con,1
coo,1
col,1
com,1
#swingvot,1
cop,1
coq,1
coz,1
starts.,1
burnett/gon,1
chicago,1
lunch,1
telli,1
livni,1
addison,1
tennant,1
songs.i,1
/sigh,1
lsn,1
urg,1
101st,1
furiou,1
sega,1
diiieee,1
up?,1
hunni,1
hulk,1
becam,1
dental,1
ihop',1
juliet,1
cuddl,1
hahahahahahahaha,1
segu,1
futur,1
regular,1
woman.,1
camera,1
#gotdamn,1
arrang,1
strict.,1
yuck,1
hump,1
secretariat,1
carwashes?,1
cord,1
csi,1
unix,1
secreci,1
ender,1
#doi,1
assign,1
deficit,1
1:30,1
w/o,1
lemonad,1
pour,1
focus,1
yikes.,1
#ebook,1
cushion,1
scrap,1
trel,1
trek,1
sonic,1
baja,1
miranda,2,1
'british',1
suffici,1
24hour,1
up!,1
native',1
port,1
resttt,1
uk.scrap,1
#ineverlearn!,1
ceo,1
mirror,1
raven,1
night.,1
lunat,1
plannin,1
dougla,1
#maroc,1
credul,1
whilst,1
#afflaaack,1
history.,1
astro,1
nicol,1
punter,1
blanc,1
#nssn,1
kana,1
#tpconf,1
#dsd,1
lethal,1
unfunny.,1
indosat,1
#godfath,1
cole,1
newspap,1
#murrai,1
kennot,1
cia,1
chose,1
shoot?,1
junior,1
price.,1
formal,1
porn,1
clearanc,1
comput,1
photoshoot,1
unpopular.,1
#insult,1
#grand,1
protest,1
convers,1
incid,1
sheesh,1
thanks.,1
yuma,1
brighton,1
headach,1
cip,1
jaws.,1
shamwow,1
briefli,1
jaws',1
embarrass,1
walesonlin,1
students.,1
christma,1
winter',1
dikht,1
chancel,1
nicki,1
lik,1
whad,1
nuff,1
challeng,1
stormi,1
queen'.,1
uglier,1
brow,1
minor.,1
geek,1
beckett,1
irrat,1
volunt,1
makana,1
auster,1
wisconsin,1
dad',1
perjuri,1
mac,1
davis/david/whatev,1
#edbal,1
mag,1
atim,1
beith,1
needlework,1
louisiana,1
engend,1
narrat,1
me!,1
chairless,1
#wantsjournaliststoofferperspectivel,1
seriou,1
#ableg,1
dilemas!,1
4hr,1
smoking',1
conduct,1
mcr,1
spirit',1
daam,1
hnot,1
hard.,1
make.,1
breakdown,1
gush,1
me?,1
machin,1
eh!,1
''hi'',1
delights/that,1
dread,1
straight,1
med,1
manford,1
mcqueen,1
janitor,1
outrag,1
brooch,1
#orlpol,1
bruh,1
buxton',1
boring!,1
met,1
swim,1
guru,1
assessment.,1
trip,1
brux,1
freudian,1
#sad,1
privatis,1
endur,1
uncomfort,1
ahead,1
choic,1
overload,1
adams',1
berattt,1
biiitchhhh.,1
lansburi,1
#10oclockl,1
dye,1
daniel,1
cheney,netnyahoa,tzipi,1
needacigarett,1
sleepin',1
#scg,1
socialist,1
westminst,1
ticket,1
burnt,1
whit,1
pleasant,1
alright,1
#namesformyfist,1
#radio,1
limit,1
blair.,1
#nicetri,1
attornei,1
idea.,1
inability2,1
degre,1
mnangagwa,1
65k,1
faster.plz,1
realiti,1
fuck!,1
wright,1
adama,1
castl,1
fashion,1
demint,1
karen,1
withdraw,1
white.,1
tragic.,1
collaps,1
#potkettleblack,1
threesom,1
advertis,1
ideal,1
fulli,1
idol.,1
rattl,1
today.,1
capita,1
fivehead,1
today!,1
#ukpolit,1
right?,1
today',1
fever,1
effect.,1
corniest,1
joanna,1
mssing.,1
#tori,1
regularli,1
waugh,1
flaw,1
get.,1
peter,1
impati,1
#torr,1
incompet,1
now,thei,1
4od,1
amus,1
lawyer,1
s10w,1
masturb,1
jack,1
compet,1
trotbot,1
[pdtv,1
effin,1
massacr,1
father,1
worrrk,1
#shitthathappenswhenyougrowachildactor,1
unsuspect,1
hust,1
bollox,1
twisted.,1
#dream,1
taxpay,1
playlist,1
arzak,1
wednesdai,1
surprise.and,1
lachlan,1
extend,1
mirror.co.uk,1
gibsland,1
mummi,1
'pack,1
maaaaan,1
fish.,1
'belgian,1
reviews.,1
dtnbollywood,1
hotel,1
#contest,1
slag,1
horrifi,1
morning?,1
dave,1
chatter,1
bradlei,1
pakistan,1
1973,1
costner,1
cell,1
mon,1
hyster,1
content,1
tomorrow!,1
brilliant,1
lillian,1
exam,1
do.,1
ceil,1
wallabi,1
date,1
moros,1
soprano,1
dnd,1
photoshop,1
controversiesespna,1
#rugbi,1
vampir,1
unsur,1
parlance.,1
oops.,1
employ,1
wardrobe.,1
relationship,1
#8song,1
jessica,1
brag,1
probably.,1
confirm,1
asleep,1
#starwar,1
cards.dll,1
natur,1
#inviteyourfriend,1
lies!,1
mud,1
mouth?,1
fallout,1
adjac,1
meyer,1
freddi,1
to?,1
miniseri,1
#soap,1
dun,1
#gossipgirl,1
corner.,1
instantli,1
peni,1
sudden,1
catch,1
land,1
#footbal,1
lanc,1
vendo,1
lang,1
treme,1
eyeball.thei,1
tot,1
dispatch,1
contactmusic.comandrew,1
strangl,1
shite?,1
'bigot,1
bush.,1
snatch,1
psone,1
inter,1
sentenc,1
tunisia,1
certain,1
serial,1
sergeant,1
spotifi,1
til,1
shake,1
proport,1
tit,1
ship',1
hun,it',1
government',1
crow.,1
templ,1
tin,1
exciti,1
center,1
retrograd,1
lately.,1
enemi,1
exquisit,1
esther,1
promptli,1
dc10,1
dia,1
booti,1
government?,1
obtain,1
cocopalm,1
1000,1
der,1
round.,1
queens',1
smurf,1
ponci,1
biko,i,1
launch,1
cinematographi,1
mister,1
bike,1
psycho',1
dei,1
eirdest,1
ethic,1
'gone,1
blasphemi,1
ouvir,1
slip,1
gorgeou,1
micheal,1
bid/ask,1
mid,1
mii,1
sucked.,1
o.o,1
shire,1
1/22,1
gear,1
infantri,1
martin,1
big',1
repair,1
shirt,1
do',1
symbol,1
eyebrow,1
do!,1
3:10,1
spoilt,1
marker,1
department',1
alex',1
unethical.,1
archer',1
5live,1
lolita,1
1959,1
jewish,1
crown,1
schedul,1
dip,1
dig,1
psychic,1
busier,1
#globalwarm,1
bollocks.,1
shock,1
daft,1
settl,1
tha,1
#crossroad,1
guest?,1
justif,1
harper,1
#nooffenc,1
seats.,1
